Precio en dolares,Recamaras,Area total
86427,1,34
168421,1,37
87173,5,37
124100,2,37
149440,5,37
62267,2,40
149440,2,40
90859,1,41
97684,2,41
70914,2,41
75302,2,42
69738,3,42
100166,1,42
110803,1,42
77210,2,42
78456,3,42
46077,2,42
104155,2,43
70870,3,43
70914,3,43
56040,3,44
118306,3,44
75965,2,45
84682,2,45
61021,2,45
93400,2,45
74720,2,45
37360,1,45
105853,2,47
95734,3,48
108587,3,48
115235,3,48
95291,3,49
48568,3,49
204764,1,49
80946,2,50
93400,2,50
80946,2,50
105853,4,50
113325,4,50
97136,3,50
83437,5,50
70984,2,50
50083,3,50
56040,3,50
186800,2,51
99900,2,52
97136,3,52
100859,4,52
150692,2,52
93400,3,52
84682,3,53
87173,2,53
67248,2,53
59776,3,54
160648,2,54
87173,3,54
80946,2,54
87173,2,54
87173,2,54
59834,2,55
136986,2,55
161893,2,55
174346,2,55
97136,3,55
105853,3,55
150692,3,55
74720,2,55
106371,3,55
100872,2,55
79701,4,55
105853,3,55
81994,2,56
62267,2,56
77210,3,56
119552,3,56
72229,2,56
148194,3,57
230471,2,57
156912,4,57
77210,2,57
128532,2,57
101053,3,57
78456,3,58
84682,3,58
98381,2,58
132964,3,58
234903,2,58
259280,2,58
81684,2,58
88643,3,58
77833,2,58
199253,4,58
97994,2,58
80946,3,58
68493,1,59
161773,3,59
108144,3,60
65463,4,60
164384,3,60
105853,2,60
102117,2,60
62267,3,60
64757,3,60
132964,3,60
80946,3,60
91258,3,60
74720,3,60
52304,2,60
85540,2,60
155666,4,60
78456,3,60
101053,3,60
94316,3,60
62267,3,60
66002,3,60
88643,2,60
68493,3,60
80946,3,60
68493,2,60
70984,3,60
62267,3,60
68493,3,60
4,3,60
74720,2,60
80946,3,60
99626,3,60
58531,2,60
80946,3,60
249066,3,60
56040,2,60
56040,3,60
68493,2,60
73130,3,60
80946,3,60
84682,2,60
68493,2,60
74720,2,60
77210,3,60
61828,2,60
79701,2,60
87161,3,60
77210,3,60
105853,2,60
80946,2,60
84682,2,60
74720,4,61
93400,4,61
66002,3,61
87173,3,61
84682,3,61
88643,2,61
89664,2,61
110803,3,61
61163,3,62
108587,2,62
74720,4,62
87756,3,62
167534,3,62
86427,2,62
70984,3,62
167534,3,62
81994,3,62
85928,3,62
177285,3,62
59776,3,62
101939,4,62
93400,2,62
99626,3,62
93400,2,62
84210,2,62
75346,2,62
56040,3,62
109589,4,62
69738,3,63
6758,2,63
90909,3,63
67248,2,63
6758,2,63
83437,3,63
74720,4,63
43587,3,63
80946,4,63
165629,3,63
80946,4,63
68698,4,63
68493,4,63
66002,3,63
76588,2,63
70859,2,64
79335,3,64
130760,3,64
59776,2,64
230386,4,64
130760,3,64
79701,4,64
101939,3,65
97507,3,65
105853,3,65
79701,4,65
111690,3,65
68493,3,65
221163,3,65
62267,3,65
111690,3,65
88294,3,65
75346,2,65
84682,2,65
92011,2,65
114127,2,65
87173,2,65
105853,2,66
100476,2,66
79701,3,66
56040,4,66
89664,2,66
91834,3,66
70984,3,66
112080,3,66
59776,2,66
68493,2,66
62267,2,66
66002,2,67
68493,2,67
146949,3,67
55044,3,67
56040,3,67
78456,2,67
93400,2,67
98381,3,67
87049,3,68
122665,3,68
97136,3,68
92154,3,68
70984,3,68
99626,5,68
108344,4,68
62267,3,68
84166,3,68
101318,3,68
93400,2,68
9307,3,68
92154,4,69
97507,2,69
95890,2,69
52304,3,69
74720,3,69
93400,2,69
112080,3,69
108344,3,69
66002,2,69
74720,2,69
68493,3,69
74707,3,69
69738,3,70
96886,2,70
80946,2,70
84682,2,70
168421,1,70
100875,3,70
87173,3,70
68493,3,70
149440,3,70
122042,2,70
104595,2,70
124533,2,70
93400,2,70
61644,2,70
130760,4,70
69738,2,70
87173,3,70
98381,3,70
68493,3,70
80946,2,70
95890,5,70
72229,2,70
61021,2,70
106814,2,70
93400,3,70
135180,1,70
175069,3,70
84682,3,70
110803,3,70
79778,3,70
84682,4,70
72229,3,70
102117,4,70
103362,4,70
159402,3,70
332410,4,70
159402,3,70
93400,2,70
118306,3,70
90909,5,70
90286,2,70
84682,2,70
95291,2,70
58531,3,70
87173,3,70
82814,3,70
57174,2,70
193026,3,70
98381,3,70
67248,4,70
84682,2,70
168120,3,70
99626,4,70
53549,1,70
70984,2,70
105853,3,70
102117,4,70
108344,3,70
68493,4,70
124408,3,70
110834,3,70
87173,2,71
80946,1,71
109589,2,71
43587,1,71
120332,2,71
72229,2,71
58531,3,71
69116,2,71
94645,3,72
89664,3,72
242839,5,72
52742,2,72
80946,1,72
211706,5,72
62267,5,72
99626,4,72
99626,3,72
87269,4,72
97136,4,72
78456,2,72
93400,3,72
97507,2,72
68493,4,72
230471,3,72
89664,3,72
118306,2,72
99626,3,72
94022,2,72
74105,2,72
120797,2,72
97136,4,72
87173,3,72
93400,4,72
70984,4,72
95890,2,72
127379,3,72
93400,3,73
62267,3,73
168120,4,73
130760,2,73
122042,3,73
179501,3,73
98381,2,73
102117,3,73
93275,2,73
89972,3,73
107098,2,73
99723,3,74
124533,2,74
93400,2,74
85928,3,74
97136,3,74
77210,3,74
105853,3,74
93400,2,74
105853,3,74
100255,2,74
149440,3,74
103362,3,74
81108,3,75
105853,3,75
112080,3,75
172853,3,75
97136,2,75
193026,3,75
174346,2,75
90909,6,75
161893,3,75
99626,3,75
136986,4,75
84698,2,75
80946,4,75
118306,4,75
146260,4,75
128532,2,75
118294,4,75
161893,3,75
279224,3,75
98132,2,75
106371,3,75
88917,2,75
120997,3,75
124533,4,75
118306,3,75
129418,3,75
118306,3,75
112080,3,75
80946,3,75
130760,3,75
87313,3,75
89086,3,75
92154,2,75
199253,3,75
155666,2,75
177285,3,75
279224,3,75
88909,3,75
128532,2,75
78456,2,75
64757,2,75
87173,3,75
161893,2,75
119667,3,75
149440,4,75
100166,3,76
161893,3,76
97507,3,76
87049,2,76
398493,4,76
398493,4,76
98381,2,76
163989,3,76
163989,3,76
84682,3,76
48568,2,76
89664,4,76
97136,3,76
99102,2,76
105928,5,76
130760,3,77
68369,2,77
93400,3,77
199446,3,77
80946,3,77
108344,3,77
87173,3,77
162881,2,77
67248,3,77
236613,4,77
93400,2,78
93400,3,78
68698,3,78
89664,3,78
127113,3,78
93400,2,78
108344,3,78
80946,3,78
72229,2,78
203435,3,78
73474,3,78
82192,3,78
112080,4,78
174346,4,78
70914,2,78
93075,2,78
114039,3,78
107656,3,78
84682,3,78
98381,3,78
124100,4,78
99626,3,78
80946,4,78
70984,4,79
68493,3,79
93400,3,79
93400,3,79
93275,3,79
99626,2,79
105853,4,79
93400,2,79
98381,2,79
141968,4,79
92777,3,79
106371,3,79
83280,3,79
87173,2,79
97136,3,79
70361,4,79
93400,3,80
93400,3,80
105853,4,80
93400,2,80
283656,2,80
115816,2,80
124533,4,80
69738,2,80
99723,3,80
93400,3,80
68493,2,80
202859,4,80
83767,2,80
173724,4,80
199253,3,80
120797,4,80
108344,2,80
118338,3,80
112080,2,80
94404,3,80
187169,4,80
97136,4,80
136986,3,80
77210,2,80
161880,4,80
172853,3,80
97507,3,80
68493,3,80
186800,4,80
161893,4,80
145704,3,80
110803,2,80
146949,3,80
127497,3,80
66002,2,80
78456,4,80
74097,2,80
195014,3,80
93400,5,80
101895,2,80
136986,3,80
217174,3,80
94645,3,80
99626,3,80
90908,3,80
47945,3,80
149440,4,80
95890,4,80
64757,3,80
100872,3,80
88418,2,80
94645,4,80
58531,4,80
108344,4,80
78456,3,80
92154,3,80
104608,2,80
70984,3,80
112080,3,80
80946,3,80
217933,5,80
170637,3,80
123288,5,80
134496,3,80
92777,3,80
68493,4,80
152953,3,80
280199,3,80
140233,3,80
87173,2,80
93400,3,80
77210,2,80
161893,5,80
98381,3,80
105853,4,80
89664,2,80
56040,2,80
120797,4,80
78456,2,80
158094,3,80
104608,3,80
106327,4,80
168120,3,80
95690,2,80
136986,3,80
79778,2,80
82814,4,80
87173,2,80
97773,3,80
116438,5,80
80946,4,80
99626,2,80
97108,4,80
112080,2,80
72852,2,80
89664,3,80
882038,4,80
81108,3,80
143213,3,80
74720,3,80
67995,2,80
77210,2,80
66002,3,80
118306,3,80
118306,2,80
84682,2,80
73474,4,80
112080,3,80
92154,2,80
102117,3,80
126316,2,80
93400,3,80
145704,3,80
93400,2,80
78331,3,80
104608,3,81
74720,1,81
89307,2,81
76501,4,81
112080,3,81
105853,3,81
89664,2,81
118306,3,81
105853,4,81
104608,3,81
93387,2,81
99626,2,81
105853,3,81
89664,2,81
437894,3,81
93400,3,81
102117,3,81
56040,4,81
86550,2,82
87173,3,82
80946,3,82
163989,3,82
156454,3,82
99626,4,82
219390,5,82
161644,3,82
124533,3,82
62050,2,82
84565,3,82
122042,2,83
106814,4,83
97136,3,83
112080,3,83
112080,3,83
101496,2,83
316853,3,84
143213,2,84
93562,4,84
105853,4,84
68493,2,84
112080,3,84
102117,3,84
93400,2,84
72229,2,84
86550,3,84
168421,4,84
87173,3,84
126316,3,84
85928,3,84
114570,3,84
109589,3,84
95641,2,84
105853,3,84
143213,3,84
105853,3,84
97136,3,84
105853,2,85
112080,4,85
93400,2,85
95890,2,85
114570,2,85
99502,4,85
68493,3,85
126759,3,85
155666,3,85
155125,3,85
70361,3,85
106371,3,85
76488,4,85
102117,4,85
70984,2,85
68493,3,85
118306,3,85
86550,3,85
108344,3,85
87173,3,85
155666,3,85
112080,5,85
149440,3,85
108344,4,85
80946,2,85
156986,3,85
93400,2,85
102117,4,85
149440,3,85
97136,2,85
80946,4,85
130881,3,85
130305,5,85
87796,2,85
89664,3,85
130760,4,85
118306,3,85
112080,3,85
146438,3,86
224159,4,86
86427,3,86
97136,2,86
94360,3,86
105853,3,86
232687,3,86
99626,3,86
100249,2,86
93400,3,87
98381,2,87
93400,4,87
124100,3,87
80946,4,87
87173,2,87
149440,4,87
80946,4,87
99626,3,87
66002,2,87
120797,3,87
120797,3,87
110834,3,87
110834,3,87
80946,3,87
84682,3,87
93400,3,88
93400,3,88
89664,4,88
199446,3,88
105729,3,88
112080,3,88
174346,3,88
226650,3,88
102740,4,88
256177,3,88
105853,3,89
98381,2,89
139612,3,89
105853,4,89
115816,4,89
136986,3,89
97507,3,89
464487,4,89
94645,3,90
89664,3,90
93400,2,90
109589,3,90
108344,3,90
161893,4,90
137396,3,90
109589,3,90
261519,3,90
95202,5,90
80946,3,90
113019,3,90
66002,3,90
99626,3,90
99626,3,90
74720,4,90
190582,3,90
97136,3,90
190582,3,90
74720,4,90
124533,2,90
130760,4,90
57285,3,90
118306,6,90
155654,2,90
87173,3,90
112080,4,90
67248,5,90
62267,3,90
79778,3,90
80946,2,90
155666,3,90
261496,3,90
109474,5,90
84682,4,90
433905,1,90
221606,5,90
93400,3,90
97136,3,90
79452,3,90
102028,2,90
93400,3,90
115235,4,90
186149,3,90
230471,3,90
125872,3,90
69738,2,90
75965,3,90
136986,2,90
124533,4,90
68493,2,90
112080,4,90
67248,5,90
88643,4,90
124533,2,90
114570,4,90
102117,3,90
68493,3,90
96443,2,90
96443,3,90
112576,2,90
77210,2,90
122042,2,90
112080,3,90
86924,5,90
99502,2,90
136986,3,90
80946,2,90
112080,3,90
155666,3,90
136986,3,90
105853,4,90
84920,3,90
83324,4,90
112080,3,90
93400,3,90
87173,3,90
99626,4,90
112080,2,90
99626,5,90
143213,3,90
373599,4,90
221606,3,90
104548,2,90
365651,4,90
103362,2,90
93400,2,90
73474,4,90
203878,3,90
124100,3,90
87173,3,90
97136,3,90
124533,4,90
93400,2,90
149440,4,90
69738,4,90
102117,3,90
125778,3,90
77210,3,90
136986,3,90
155666,3,90
105853,2,91
325762,3,91
106371,2,91
112080,4,91
95890,3,91
122042,2,91
105853,2,91
99626,2,91
149440,3,91
224159,3,91
73751,3,91
99502,3,91
102117,3,91
99626,2,92
80946,5,92
80946,4,92
98381,3,92
136986,5,92
141828,5,92
176842,5,92
160523,3,92
109589,2,92
105853,4,92
171856,3,92
108344,3,92
85928,3,92
95890,2,92
105928,2,92
122042,3,92
265928,4,92
95890,3,93
186800,3,93
78892,2,93
99626,3,93
83767,2,93
230471,3,93
161893,3,93
92676,2,93
175956,3,93
167534,3,93
122042,3,93
181052,3,94
99626,3,94
99626,3,94
137396,3,94
70984,4,94
109589,3,94
137396,3,94
174346,3,94
112080,3,94
171856,3,94
172454,3,95
105853,4,95
342382,3,95
99502,2,95
159402,3,95
124533,3,95
84147,3,95
80946,5,95
93400,3,95
80946,3,95
150692,4,95
134496,3,95
230262,3,95
118306,3,95
159402,3,95
68493,3,95
74097,4,95
101939,2,95
64757,3,95
58531,4,95
74720,2,95
101939,2,95
130760,4,96
159402,3,96
148920,3,96
199253,3,96
147457,3,96
99626,2,96
136986,2,96
122042,4,96
119756,3,96
117451,3,96
81569,2,97
161893,5,97
135180,3,97
116122,2,97
56040,4,97
77210,2,97
274792,3,97
97136,3,97
88332,3,97
86692,2,97
86692,2,97
99626,2,97
175113,3,97
136986,4,97
89664,5,97
99626,2,97
163457,4,97
155666,3,98
109589,3,98
99626,2,98
153130,3,98
130760,3,98
160842,3,98
124533,3,98
97136,2,98
99626,2,98
130760,3,98
112080,3,98
126316,3,98
97136,4,98
94645,4,98
230471,3,98
163989,3,98
226039,3,98
79701,4,98
79701,4,98
119667,4,98
183933,3,98
153130,3,98
112080,3,98
474238,4,98
110803,3,98
163989,3,98
94645,4,98
103362,4,98
62267,3,98
102870,3,98
107098,3,98
91745,4,99
101939,4,99
184155,5,99
89664,3,99
98305,4,99
119667,2,99
133250,3,99
155666,3,100
113325,3,100
161893,2,100
143213,4,100
211706,2,100
109589,4,100
143213,3,100
90909,4,100
192902,3,100
69738,3,100
221606,3,100
168421,3,100
228476,4,100
174346,3,100
128269,3,100
167978,3,100
310249,4,100
68493,3,100
109589,4,100
95890,4,100
99626,5,100
174346,3,100
134028,5,100
498132,3,100
130760,6,100
96177,3,100
101629,4,100
136986,3,100
113325,3,100
74720,3,100
80946,3,100
110803,2,100
105355,4,100
213584,5,100
118306,4,100
74720,4,100
155125,3,100
235367,4,100
168120,4,100
242839,4,100
118306,3,100
70914,2,100
115235,4,100
64757,1,100
93075,2,100
49813,2,100
94848,5,100
149427,3,100
79468,3,100
139612,4,100
124533,2,100
96638,4,100
149440,4,100
80946,3,100
165983,2,100
186800,4,100
141828,4,100
133250,3,100
139612,4,100
85928,4,100
102117,3,100
139568,4,100
84682,6,100
104155,3,100
97136,5,100
97136,3,100
68493,3,100
261519,5,100
134515,4,100
122042,4,100
93400,2,100
112080,2,100
206094,3,100
161893,3,100
178172,7,100
84682,3,100
118306,3,100
105853,3,100
97136,2,100
72229,4,100
108344,2,100
136986,2,100
131058,3,100
90909,3,100
83437,4,100
93400,4,100
114570,3,100
97019,2,100
105853,4,100
56040,2,100
199253,3,100
143213,3,100
99626,2,100
279224,3,100
141385,3,100
242839,6,100
124533,2,100
136986,5,100
105853,2,100
75789,3,100
77210,3,100
221606,3,100
78456,2,100
79701,3,100
205479,4,100
130760,3,100
149440,5,100
141828,3,100
278781,3,100
211706,3,100
122042,4,100
87173,3,100
141828,3,100
87173,3,100
208310,3,100
122042,3,100
118306,2,100
348692,3,100
124011,4,100
170637,3,100
118306,3,100
141828,2,100
93400,4,100
105853,3,100
118306,3,100
84682,2,100
170610,4,100
97136,4,100
174346,2,100
120797,3,100
177285,4,100
86550,3,100
112080,3,100
118306,5,100
82192,3,100
136986,5,100
74720,3,100
74720,2,100
84682,3,100
86870,3,100
102117,3,100
99626,3,100
64757,2,100
124533,3,100
131944,4,100
212742,3,100
110834,2,100
85928,4,100
87490,3,100
118306,2,100
112080,3,100
99626,2,100
161893,3,101
89664,3,101
128532,3,101
92777,3,101
90909,4,101
199253,3,101
105853,2,101
118306,3,101
168120,3,101
174346,5,101
98172,2,101
86427,3,101
176266,2,101
161893,4,101
99502,3,101
136986,3,101
161893,3,102
162526,2,102
162526,2,102
75346,2,102
168120,3,102
56040,1,102
52304,1,102
82192,2,102
168120,3,102
186061,4,102
199253,4,102
74720,2,102
224159,4,102
118306,4,102
105853,4,102
87173,4,102
186800,4,103
285872,7,103
112080,3,103
101494,3,103
195517,3,103
124533,4,103
332410,2,103
82438,2,103
105604,5,103
398892,4,103
109589,3,103
94645,3,103
367867,2,103
363435,3,103
92154,3,103
118306,4,103
325274,4,104
149440,4,104
131812,4,104
102825,3,104
74720,3,104
199253,3,104
81994,2,104
118306,2,104
122042,5,104
221606,4,104
112080,3,104
105853,5,105
157917,4,105
186800,3,105
236613,4,105
100210,3,105
92154,3,105
91789,3,105
159402,4,105
80946,5,105
105853,2,105
87173,2,105
190535,5,105
112080,2,105
323786,8,105
143213,3,105
130760,3,105
81994,3,105
186800,3,105
118306,4,105
115193,5,105
130760,4,105
150737,4,105
155666,3,105
118306,3,105
93400,3,105
102117,3,105
216731,3,105
102117,3,105
130760,4,105
130760,3,105
105928,2,105
80946,5,105
95890,3,105
206094,3,105
206094,3,105
112080,3,105
124533,3,105
126316,2,105
208310,6,105
120797,3,106
83437,4,106
121352,3,106
141828,3,106
417186,4,106
163546,3,106
117451,3,106
101939,4,106
163546,3,106
121420,3,106
144399,3,107
106371,5,107
180573,3,107
107098,2,107
107098,5,107
102117,4,107
161893,5,107
149440,3,107
180573,3,107
150692,4,107
228787,3,107
89664,3,107
168421,4,107
148194,5,108
127823,3,108
148194,5,108
128532,3,108
134371,3,108
105853,5,108
160648,3,108
174346,5,108
155666,4,108
49813,2,108
95890,4,108
155666,5,108
273973,6,108
80946,3,108
74097,4,108
108011,5,108
234903,2,108
149440,5,108
80946,3,108
161893,4,108
220720,4,109
143213,4,109
220720,4,109
95291,3,109
130635,4,109
92154,4,109
89664,3,109
78456,3,109
174346,3,110
94645,3,110
130760,2,110
491966,4,110
164384,7,110
123288,4,110
77210,4,110
103362,3,110
161893,3,110
119047,3,110
186800,4,110
154421,3,110
97507,2,110
174346,5,110
112080,3,110
209640,3,110
156277,3,110
211706,3,110
112080,3,110
68493,2,110
93400,4,110
186149,3,110
80946,3,110
230386,4,110
89664,6,110
94848,3,110
85584,2,110
112443,6,110
323786,4,110
80946,3,110
84682,1,110
169352,4,110
186800,5,110
122415,3,110
103362,3,110
168120,7,110
136986,3,110
161773,4,110
137396,3,110
168120,5,110
286316,3,110
118306,3,110
120797,3,110
154238,5,110
156277,3,110
87173,3,110
271202,4,110
87173,3,110
174346,5,110
174346,3,110
172853,3,110
84210,3,110
101939,4,110
110834,3,110
93961,3,110
205208,3,110
77210,3,110
84682,3,110
236613,4,110
113241,2,110
273973,3,110
77210,3,110
310249,3,110
89664,2,110
183933,3,110
137396,3,110
83437,4,110
97136,2,110
186800,4,110
136986,3,110
115816,3,110
148476,3,110
56040,2,110
193026,4,110
124533,3,110
122042,3,110
144709,3,110
174346,5,110
340476,3,110
193026,4,110
127024,3,110
147257,3,110
83437,4,110
124533,4,110
105853,2,110
109589,3,110
149440,3,110
122042,3,110
98381,3,110
109589,4,110
93400,2,110
94645,3,110
93400,2,110
261052,3,111
250859,4,111
193026,3,111
115816,2,111
173101,3,111
173101,3,111
68493,4,111
173101,5,112
95890,4,112
173101,5,112
123213,3,112
199446,3,112
155666,3,112
273973,8,112
95890,4,112
101186,2,112
154681,3,112
308166,3,112
99626,3,112
68698,2,112
199446,3,112
248199,3,112
273973,8,112
173973,4,112
84682,4,112
130760,3,112
170282,3,112
124533,4,112
155666,3,112
98381,3,112
129514,3,112
168120,3,112
168120,3,113
167180,3,113
421052,3,113
149440,3,113
536288,3,113
137396,3,113
105853,5,113
143213,3,113
190535,3,113
99989,4,113
155666,5,113
259723,3,113
224159,3,114
82192,3,114
219390,4,114
86515,3,114
136986,3,114
138504,3,114
476454,4,114
180573,3,114
99626,3,114
155666,3,114
153001,4,114
110834,4,114
182249,3,114
155666,3,114
80324,5,115
183136,4,115
125695,4,115
554016,3,115
92777,3,115
149440,3,115
124533,2,115
224159,3,115
193026,4,115
201662,4,115
204764,3,115
117451,3,115
243767,4,115
68493,3,115
129994,3,115
89664,2,115
225994,5,115
199446,3,115
112080,3,115
159402,3,115
150338,4,115
112080,3,115
212742,3,116
99626,5,116
157341,3,116
137396,3,116
168120,4,116
193026,3,116
166781,3,116
83324,3,116
211235,3,116
186800,3,116
230386,3,116
149806,3,116
143213,3,116
193026,3,116
92154,2,116
174346,3,117
62267,4,117
217933,4,117
136986,4,117
149629,4,117
180573,5,117
166205,4,117
281440,3,117
105853,3,117
136986,3,117
181717,2,117
167534,3,118
189252,5,118
99501,2,118
171523,3,118
78456,3,118
80946,3,118
80946,3,118
69738,5,118
118306,3,118
174346,3,118
190582,5,118
372299,3,118
149440,3,118
171523,3,118
78456,3,118
171523,3,118
331967,4,119
387811,3,119
90859,3,119
117983,3,119
177833,4,119
149440,5,119
303822,3,119
143213,3,119
130760,2,120
174346,5,120
143213,3,120
136862,3,120
234903,3,120
246575,7,120
149440,3,120
176842,5,120
65152,2,120
112080,3,120
168120,3,120
166648,3,120
148299,4,120
190582,3,120
118306,3,120
168120,3,120
112080,3,120
165762,3,120
155125,2,120
265928,4,120
84682,3,120
115816,3,120
199446,3,120
141163,3,120
72229,4,120
182939,4,120
112080,2,120
186800,3,120
111955,4,120
68493,5,120
165504,3,120
206094,3,120
118306,3,120
118306,4,120
199253,5,120
149440,3,120
115235,3,120
180448,4,120
163989,3,120
193014,3,120
272886,6,120
112080,4,120
217174,4,120
186800,5,120
186800,5,120
117061,3,120
311333,4,120
224159,4,120
146260,3,120
132005,3,120
211706,5,120
118306,3,120
118306,2,120
138979,4,120
99626,3,120
310205,4,120
203878,4,120
105853,2,120
132503,3,120
124533,3,120
180573,4,120
169751,2,120
186149,3,120
155666,3,120
158157,4,120
180573,3,120
103362,3,120
265485,3,120
265485,3,120
232687,3,120
146260,2,120
158157,3,120
108344,2,120
136986,3,120
161893,3,120
103091,2,120
161893,2,120
234903,4,120
105853,3,120
174346,3,120
105853,3,120
99626,3,120
80946,2,120
186800,3,120
180573,3,120
103362,3,120
93400,3,120
186800,3,120
93400,4,120
180573,4,120
188366,4,120
155125,3,120
124533,2,120
74720,3,120
155125,3,120
195517,3,120
190582,5,120
155044,2,120
199253,3,120
172853,3,120
107656,4,120
217174,3,120
136986,3,120
104608,4,120
141828,3,120
160648,3,120
134072,3,120
83437,3,120
166737,4,120
344376,4,120
161644,3,120
195457,3,120
93400,3,120
175069,4,120
136986,3,120
118306,4,120
159402,3,120
206005,3,120
136986,2,120
149440,3,120
87173,2,120
189695,3,120
260831,3,120
161893,5,120
87173,1,120
159402,6,120
281883,5,120
136986,3,120
105853,3,120
133250,5,120
124533,2,120
105853,3,120
106371,3,120
118306,4,120
168120,3,120
68493,3,120
105853,4,120
208310,3,120
199253,5,120
129197,2,120
159402,3,120
99626,3,120
137396,3,120
238670,4,120
115235,5,120
98381,5,120
163989,3,120
174346,3,120
136986,3,120
261496,3,120
168120,3,120
154421,3,120
186800,3,120
161893,4,120
105853,5,120
155666,3,120
112080,3,120
108344,3,120
211706,5,120
87173,3,120
190535,3,120
105853,3,120
149440,3,120
161893,5,120
187036,4,120
180573,4,120
153051,2,120
193026,3,120
108344,2,120
157341,3,120
161893,4,120
193026,3,120
376731,3,121
115816,3,121
176842,3,121
105853,2,121
112080,3,121
125872,2,121
168120,3,121
168120,3,121
171856,3,121
171856,3,121
180831,3,121
172853,3,121
376731,3,121
158670,4,121
168421,4,121
132077,3,121
119667,5,121
172410,3,121
186149,4,121
132077,3,121
119667,5,121
155666,4,121
478227,3,122
105853,3,122
159557,4,122
117061,2,122
173101,5,122
128089,4,122
177285,4,122
165629,3,122
149440,3,122
154421,3,122
177285,4,122
84682,3,122
161893,3,122
138061,3,122
143213,3,122
168421,3,122
146949,3,122
224159,3,122
102117,4,123
438781,2,123
105853,3,123
212443,4,123
143213,3,123
317340,3,123
177285,4,123
105853,3,123
101939,3,123
198338,3,123
242839,5,123
140233,2,123
146949,3,123
118306,3,123
178082,3,123
87173,2,123
180573,4,123
180448,3,123
168120,4,124
220299,4,124
442770,2,124
102117,2,124
174346,6,124
189290,3,124
195811,4,124
189290,3,124
164384,3,124
102117,2,124
215845,6,124
123275,4,124
113325,3,124
173101,4,124
314681,5,124
168120,4,124
136986,6,124
133238,4,124
622665,6,125
136986,3,125
421052,4,125
99626,3,125
177241,3,125
93400,3,125
130760,3,125
79701,2,125
261052,4,125
221163,5,125
183933,4,125
106726,3,125
157341,3,125
108344,2,125
190582,4,125
111457,2,125
63512,3,125
110803,4,125
136199,3,125
190535,3,125
144458,4,125
144044,3,125
106371,3,125
119552,4,125
115816,3,125
155666,4,126
143213,3,126
257064,4,126
136986,4,126
161773,2,126
140144,3,126
509252,4,126
137396,3,126
84682,2,126
155666,3,126
265485,3,126
102117,3,126
118306,3,126
84682,2,126
110803,2,126
132609,3,126
84682,3,126
149440,3,126
482659,3,127
174346,3,127
155666,5,127
105853,4,127
90909,4,127
120797,2,127
119667,3,127
199446,3,127
130760,3,127
123288,2,128
310249,6,128
149440,6,128
211706,3,128
249066,3,128
186800,5,128
135741,2,128
250415,3,128
113463,4,128
118306,3,128
201662,3,128
136986,4,128
99626,4,128
199446,3,128
199446,3,128
123288,2,128
176842,3,128
118781,4,128
181717,3,128
155125,2,128
62267,2,128
149440,3,128
154681,5,128
113463,4,128
149440,4,128
124533,6,128
118306,3,128
80946,3,128
421052,5,128
143213,2,128
176842,4,128
118306,3,128
130760,4,128
168120,4,128
135180,2,128
211706,4,128
143213,3,128
136986,3,128
744598,3,128
186800,4,128
181717,3,128
186800,3,128
108344,4,128
186800,5,128
145704,4,128
118306,3,128
130760,2,128
174346,4,128
136986,4,128
83437,4,128
119224,2,128
165318,4,128
146260,4,128
161893,3,128
176837,4,128
332410,3,128
143213,3,128
236144,3,128
77210,2,128
139477,3,128
130760,2,128
118306,3,128
129514,4,128
744598,3,128
4,5,128
208310,4,128
155666,5,128
161644,4,129
152927,4,129
199756,5,129
212521,4,129
341274,3,129
753462,4,129
159557,3,129
117451,2,129
243767,3,129
136986,5,129
114570,3,129
161893,3,129
88643,3,129
190582,3,130
325762,3,130
237119,4,130
217933,4,130
151930,5,130
265928,3,130
265928,3,130
118306,4,130
198007,3,130
181717,3,130
193026,7,130
112080,3,130
93400,4,130
141843,4,130
208310,4,130
105853,7,130
106593,4,130
174346,3,130
176842,4,130
123288,3,130
168120,3,130
171856,3,130
165006,4,130
124533,4,130
190582,3,130
178172,2,130
228255,5,130
128532,4,130
193026,5,130
109589,3,130
485679,3,130
143213,3,130
136986,4,130
114570,4,130
143213,3,130
268144,3,130
165629,3,130
208310,4,130
224035,4,130
283213,4,130
224159,3,130
121440,2,130
124533,3,130
122042,3,130
200687,5,130
118306,3,130
265928,3,130
183933,5,130
105853,2,130
163546,4,130
59776,2,130
207846,4,130
283213,4,130
168120,4,130
118306,3,130
186800,3,130
197230,3,130
149440,3,130
230386,7,130
261519,4,130
161893,4,130
113948,3,130
118306,3,130
115816,3,130
111690,4,130
186149,4,130
136986,3,130
101939,3,130
159402,4,130
159278,4,130
211706,4,130
239113,4,130
107098,3,130
162598,5,130
110834,4,130
190582,4,130
94645,4,130
173518,3,130
149440,6,130
175956,3,130
124533,3,130
132964,2,130
105853,4,130
161893,3,130
124533,2,130
117061,2,131
159402,4,131
176310,3,131
133250,2,131
130760,3,131
148476,3,131
168421,4,131
148476,3,131
115235,4,131
155125,3,131
127424,4,131
155666,5,131
173848,3,131
105853,2,132
172853,4,132
124533,4,132
143213,3,132
98381,2,132
193026,3,132
332410,3,132
224159,5,132
124100,4,132
205479,3,132
193026,3,132
155666,3,132
124533,4,132
124533,3,132
158780,5,132
158780,5,132
74720,1,132
158780,5,132
128487,4,132
193026,3,132
177285,3,133
149440,4,133
98381,4,133
143213,3,133
421052,5,133
319113,4,133
121529,4,133
158780,5,133
149440,3,133
155125,3,133
159557,3,133
177285,3,133
186800,3,133
199751,3,133
112080,3,134
158670,2,134
149440,3,134
146526,3,134
119552,4,134
418393,3,134
176842,2,134
124100,4,134
353241,3,134
155666,4,134
105041,3,134
85928,3,134
146526,3,134
91258,3,134
236613,4,134
90909,3,134
181496,3,134
163989,3,134
130760,4,135
456509,3,135
149440,3,135
161893,3,135
210526,4,135
120797,3,135
176842,3,135
199623,3,135
163102,3,135
161893,4,135
155666,6,135
149440,3,135
199253,3,135
354570,4,135
155125,3,135
176044,3,135
115816,3,135
134958,3,135
124533,3,135
159402,3,135
180573,7,135
208310,4,135
122665,3,135
155666,3,135
217933,5,135
102692,3,135
181052,3,135
99626,3,135
168120,3,135
158157,4,135
143213,5,135
90909,4,135
190535,3,135
136986,3,135
136986,4,135
193026,4,135
172853,3,135
150685,3,136
171843,3,136
174346,4,136
168120,4,136
160443,3,136
124533,2,136
155666,4,136
207867,3,136
207867,3,136
188986,3,136
207970,3,136
207867,3,136
174346,4,136
151930,3,136
87173,3,136
85928,3,136
192798,3,136
168120,3,136
132179,3,136
199446,4,136
252631,4,136
119446,2,136
211706,3,137
137396,4,137
149440,5,137
211706,3,137
87173,6,137
195014,3,137
195014,3,137
224159,3,137
222936,3,137
222936,3,137
301385,3,137
124533,3,137
149440,3,137
80665,3,137
149440,4,138
105853,2,138
151930,3,138
100872,3,138
168120,4,138
206980,3,138
226039,3,138
103362,6,138
290304,4,138
186800,3,138
155666,3,138
221606,3,138
143213,5,138
147280,3,138
130906,3,138
151930,3,138
118306,3,138
137396,3,139
292521,3,139
292521,3,139
199253,4,139
156366,3,139
292521,3,139
212742,4,139
155666,3,139
145704,5,139
201743,3,140
6,4,140
171967,3,140
135741,4,140
146949,6,140
158157,3,140
234903,3,140
185706,3,140
288088,4,140
288088,4,140
215442,4,140
175069,4,140
199446,3,140
288088,7,140
217618,3,140
724653,3,140
149584,4,140
186800,3,140
110803,3,140
193026,4,140
585041,3,140
499900,3,140
545152,3,140
177197,3,140
168120,3,140
174346,4,140
150116,5,140
149440,2,140
100787,3,140
155666,4,140
166205,3,140
168643,3,140
186800,4,140
224159,4,140
155666,3,140
185554,3,140
123288,5,140
139036,5,140
168120,3,140
172478,3,140
193026,3,140
108344,5,140
155666,2,140
598337,5,140
221606,3,140
296953,3,140
247756,3,140
354570,4,140
143601,3,140
152908,2,140
152553,5,140
102117,5,140
87173,3,140
149440,4,140
215442,4,140
109465,4,140
174346,3,140
664819,3,140
308033,2,140
230028,5,140
191468,3,140
159402,8,140
168120,3,140
161893,3,140
186800,4,140
186800,4,140
134496,3,140
168120,4,140
487534,4,140
695401,20,140
232687,4,140
252188,3,140
186800,3,140
141828,3,140
100565,3,140
168120,3,140
180573,3,140
305817,2,140
363435,3,140
105853,3,140
396676,4,140
220498,3,140
136986,6,140
121884,3,140
105853,3,140
242839,3,140
199490,4,141
164388,3,141
155666,3,141
155666,3,141
143213,3,141
181818,3,141
170610,5,141
160648,3,141
161893,3,141
139477,3,141
139477,3,141
230386,3,142
196762,3,142
164384,7,142
186800,4,142
120797,3,142
182604,3,142
198426,3,142
161893,2,142
385019,4,142
136986,5,142
193026,3,142
180573,3,142
199446,3,142
211706,5,142
193026,3,142
143213,2,143
157562,3,143
374515,3,143
164384,3,143
194570,3,143
209215,2,143
151224,3,143
157562,3,143
144044,4,143
262781,4,143
194570,3,143
327534,3,144
367372,4,144
161893,5,144
442092,3,144
367372,4,144
93400,4,144
162216,3,144
255512,3,144
173739,3,144
255512,4,144
373599,6,144
161893,5,144
105853,6,144
319113,8,144
122042,3,144
224159,3,144
257507,4,144
80946,2,144
186800,3,144
211706,3,144
190582,3,144
123288,4,144
363745,3,144
199253,4,144
314681,4,144
294737,4,144
202992,3,144
125872,3,144
454293,3,144
149440,2,144
168120,4,144
124533,7,144
99626,2,144
376288,3,144
217933,3,144
239335,3,144
121420,2,144
161893,5,144
130760,2,145
190582,4,145
186800,3,145
203878,4,145
238892,3,145
150692,3,145
115235,3,145
162305,3,145
136986,3,145
192798,3,145
133873,3,145
239335,4,145
165008,4,145
221606,3,145
122042,4,145
165008,4,145
5,4,145
211706,2,145
136986,2,145
168120,4,145
101939,2,145
118306,3,145
136986,2,145
124533,4,145
89664,2,145
152553,3,145
306570,4,145
161893,4,145
155666,3,145
149440,3,145
168120,4,145
152643,3,146
155125,4,146
205479,4,146
176310,3,146
186800,4,146
176310,3,146
105853,3,146
300277,4,146
172233,3,146
155125,4,146
144044,3,146
136986,3,146
202864,3,146
195014,4,146
190138,3,147
236613,3,147
149440,4,147
176842,3,147
224159,4,147
480886,5,147
87173,3,147
84060,3,147
84060,3,147
174346,3,147
261519,4,147
146260,6,147
169365,3,148
199446,4,148
273973,4,148
249928,3,148
239335,8,148
221669,3,148
265928,5,148
249066,3,148
89751,3,148
221163,4,148
348692,4,148
199446,4,148
221163,4,148
229584,3,149
149440,2,149
230386,4,149
250637,4,149
232820,3,149
146949,3,149
150692,3,149
323773,4,149
155666,3,149
203878,3,149
190582,4,149
190535,3,149
183800,3,149
188809,2,149
195517,5,149
198630,5,149
146949,3,149
186800,3,149
209197,6,149
205479,4,150
149440,3,150
554016,5,150
232687,3,150
700276,5,150
150692,3,150
153195,4,150
161893,3,150
186800,3,150
487534,3,150
166874,4,150
261496,3,150
151930,3,150
188366,3,150
245673,5,150
150692,4,150
124533,4,150
224709,3,150
155666,3,150
93400,3,150
273350,5,150
149363,3,150
185263,3,150
143213,3,150
298879,6,150
155666,3,150
224159,3,150
234903,3,150
113463,2,150
187878,3,150
149440,3,150
336239,3,150
186787,3,150
144000,3,150
181717,3,150
199253,4,150
155666,3,150
164384,3,150
105853,4,150
259280,3,150
186800,4,150
112080,3,150
230471,3,150
181717,3,150
236613,4,150
161893,2,150
205479,3,150
186800,3,150
474238,3,150
155666,3,150
92777,3,150
219169,3,150
94645,3,150
97758,9,150
154681,2,150
203878,3,150
211706,5,150
148476,2,150
140055,3,150
183889,4,150
137396,3,150
149440,2,150
299169,3,150
168120,3,150
394460,4,150
109589,3,150
193026,3,150
165629,3,150
175956,4,150
118306,4,150
168120,5,150
141163,2,150
442327,3,151
141163,4,151
199446,3,151
87173,3,151
155125,4,151
176837,4,152
509695,4,152
195517,3,152
168120,5,152
163138,3,152
90909,2,152
168120,4,152
460941,3,152
190535,3,152
105853,4,152
124533,3,152
171731,4,152
97507,3,152
182293,3,152
161893,3,152
224159,5,153
232244,4,153
158005,2,153
293185,4,153
124533,3,153
219178,4,153
212609,4,153
189474,3,153
149440,3,153
162881,3,153
224159,3,153
174346,4,153
288088,3,153
94521,6,154
155666,3,154
234903,3,154
618282,4,154
149440,3,154
1014958,5,154
117061,4,154
99626,5,154
219390,3,154
110834,3,154
154410,3,154
172853,4,154
185554,10,154
160886,5,154
319113,3,154
647091,4,154
149440,4,154
305817,5,154
174346,3,154
161893,3,154
188366,4,155
188366,5,155
159557,5,155
161893,3,155
199446,3,155
180573,5,155
188366,5,155
174980,4,155
149440,4,155
71606,2,155
290304,3,155
80946,3,155
629362,3,155
199446,3,156
230386,5,156
156897,3,156
160648,3,156
183933,4,156
522105,11,156
230386,5,156
136986,3,156
522105,11,156
221606,3,156
219390,4,156
206725,4,156
385595,3,156
139477,3,156
265928,3,156
180573,3,156
143213,3,156
180573,4,156
531856,4,156
99626,6,156
531856,4,156
99626,2,156
180573,3,156
222005,3,157
1905372,15,157
143213,2,157
565097,5,157
137396,3,157
217933,4,157
217933,4,157
168120,3,157
181717,4,157
160648,2,157
199446,3,158
340831,3,158
130760,3,158
340831,3,158
237119,4,158
753462,4,158
190582,2,158
211706,4,158
143213,3,158
220720,3,158
149440,3,158
210461,4,158
205479,4,159
248155,4,159
261496,3,159
199253,3,159
305817,3,159
190582,4,159
248199,4,159
225994,4,159
156410,2,159
155666,3,160
98381,3,160
97285,3,160
199253,3,160
105853,3,160
149440,2,160
161893,3,160
168120,3,160
412188,3,160
589473,4,160
172410,9,160
173101,3,160
199253,6,160
161893,4,160
182161,3,160
155666,4,160
171856,4,160
173101,4,160
164384,4,160
124533,5,160
110336,3,160
192403,3,160
115816,2,160
230386,3,160
191245,3,160
130760,3,160
137396,5,160
93075,2,160
199446,5,160
278338,3,160
137396,5,160
155125,3,160
212329,4,160
177285,4,160
6869801,4,160
204857,3,160
221606,3,160
230386,2,160
204764,3,160
192403,5,160
139169,3,160
155125,3,160
221606,3,160
183446,3,160
198161,3,160
234903,3,160
576177,5,160
79078,2,160
181717,3,160
85928,4,160
195989,3,160
199253,3,160
249066,2,160
286426,7,160
205479,3,160
234903,4,160
105853,4,160
210461,3,160
161773,3,160
168120,4,160
159557,3,160
217933,3,160
224159,2,160
201743,5,160
230386,4,160
576177,5,160
174346,4,160
137396,3,160
120797,3,160
99626,3,160
168120,4,160
118306,3,160
161906,4,160
99614,1,160
118306,3,160
463263,3,160
229763,5,160
155125,3,160
226792,3,160
186149,3,160
186105,3,160
199446,3,160
153176,5,160
82192,3,160
149440,5,160
155125,3,160
340831,3,160
87173,3,160
185485,4,160
155666,3,160
105853,4,160
600554,4,160
571745,4,160
575734,6,160
169988,3,160
204764,4,160
376731,5,160
228255,6,160
168120,3,160
172410,9,160
3,2,160
173848,3,160
175069,6,160
99626,4,160
186800,4,160
186800,3,161
180573,3,161
456509,2,161
177285,3,161
242748,4,161
159402,3,161
163989,3,161
744598,3,161
341274,4,161
157030,4,161
169988,5,161
149440,4,161
224159,4,161
175069,4,162
174346,4,162
93400,4,162
180573,4,162
224159,7,162
108344,2,162
177330,4,162
168120,7,162
156912,3,162
180822,4,162
143213,6,162
145704,3,162
157518,3,162
186800,3,162
222914,4,162
130760,8,162
288088,4,162
104155,1,162
80946,3,162
122042,3,162
99626,2,162
174346,5,162
173101,3,162
127497,3,162
330012,5,162
168120,4,162
191781,5,162
102117,2,162
209285,5,162
119667,3,162
118294,2,162
149440,3,162
74097,9,162
224159,4,162
106371,1,162
93400,3,162
110834,4,162
155666,6,162
141828,3,162
571745,4,162
93400,3,162
149440,3,162
141828,3,162
186800,3,162
105729,3,162
110834,3,162
120174,3,162
153051,3,162
139477,3,162
104155,3,162
112080,2,162
105853,5,162
99626,2,162
179058,3,162
381163,3,162
151535,3,162
84682,4,162
84682,1,162
180573,3,162
311333,3,162
97507,3,162
217933,3,162
93400,3,162
105853,3,162
99626,3,162
118182,5,162
112080,2,162
161893,3,162
64757,3,162
142005,4,162
118306,2,162
117451,5,162
118306,5,162
199446,3,162
75346,3,162
176837,3,163
143213,3,163
211706,3,163
434349,4,163
172410,3,163
124533,5,163
172410,3,163
473225,10,163
257064,3,163
182604,3,163
155666,3,163
124533,6,163
210305,4,163
172410,3,163
136862,3,163
136862,3,163
261519,5,164
199253,3,164
885983,4,164
554016,6,164
93400,4,164
232687,3,164
398448,4,165
797783,3,165
118306,3,165
218929,4,165
217174,3,165
186675,3,165
186800,3,165
236613,3,165
174334,3,165
819944,4,165
224159,5,165
155666,2,165
199446,4,165
348692,4,165
203435,3,165
221606,5,166
168120,3,166
174346,5,166
398892,6,166
136986,3,166
191245,6,166
112080,5,166
338127,5,166
200775,4,166
149440,3,166
186800,3,166
173101,3,166
259280,3,167
145817,3,167
181717,3,167
145704,4,167
199253,7,167
134496,3,167
211706,3,167
156454,4,167
204857,3,167
12,4,167
175069,4,168
99626,5,168
74720,5,168
181717,3,168
435866,4,168
518559,3,168
159557,3,168
161893,4,168
199446,3,168
212951,3,168
240349,3,168
112080,3,168
112080,3,168
105853,5,168
199446,3,169
107213,2,169
205479,3,169
298879,3,169
361219,4,169
429917,4,169
124533,4,169
300942,3,170
143213,3,170
130760,4,170
234903,2,170
219054,4,170
185554,5,170
392243,3,170
200377,4,170
201743,3,170
101939,3,170
224159,5,170
130760,3,170
140722,5,170
111582,3,170
87173,3,170
261496,4,170
124533,4,170
222914,4,170
87173,3,170
174346,3,170
442770,3,170
221606,4,170
162659,2,170
219054,4,170
208310,4,170
186800,2,170
146949,3,170
531412,4,170
311333,7,170
208310,4,170
212698,4,170
301385,7,170
211582,5,170
155666,12,170
149440,11,170
190582,3,170
376731,4,170
236613,3,170
261519,3,170
247821,3,170
293407,4,170
180573,4,170
155666,1,170
598337,7,170
131501,3,170
88643,2,170
211706,3,170
398448,4,170
219054,4,170
598337,6,170
168421,3,170
208443,3,170
97136,2,170
251557,3,170
442770,3,170
219346,6,170
172853,3,171
199253,5,171
261052,3,171
168120,3,171
118306,4,171
161893,6,171
131014,4,171
230386,3,171
234016,4,171
109589,5,171
223120,6,171
146260,2,171
161773,3,171
217174,3,171
152377,3,171
156676,4,171
176837,5,171
149440,2,171
314681,4,171
282327,4,171
99626,2,171
105853,3,171
197634,5,171
161893,3,171
159402,4,171
136986,2,171
174346,3,172
376731,3,172
376731,3,172
193026,3,172
398448,4,172
407534,11,172
372299,3,172
616066,5,172
186800,5,172
410959,3,172
398892,4,172
556232,4,172
176399,3,172
261519,4,173
211706,2,173
392243,3,173
206537,3,173
212742,3,173
247821,5,173
287671,4,173
172853,3,173
221252,3,173
174346,5,173
137706,4,173
250415,4,173
175069,3,173
567313,6,173
188366,3,174
186800,3,174
322540,3,174
170637,3,174
136986,3,174
212210,4,174
186800,5,175
255293,5,175
323786,8,175
188045,4,175
288088,3,175
186149,4,175
116936,4,175
211582,5,175
132005,2,175
159113,4,175
255293,5,175
221606,3,175
312465,5,175
226650,3,175
134496,8,175
359002,4,175
133185,3,175
272354,8,175
224159,5,175
273973,4,175
239103,6,175
330194,3,175
323786,8,175
276521,2,175
195014,3,175
217933,2,175
99626,3,175
159390,3,176
336842,4,176
464930,5,176
336842,4,176
150692,4,176
199446,4,176
243767,4,176
214197,3,176
975068,13,176
180573,5,176
246575,4,176
180573,5,176
174346,5,176
160635,3,176
214692,4,176
224159,4,176
190582,3,176
139656,3,176
234903,3,177
211706,3,177
149440,3,177
185554,4,177
331967,4,177
180573,3,177
247756,3,177
203878,3,177
221606,4,177
180573,3,177
180573,4,177
105853,2,177
177285,3,177
819944,3,177
193026,3,177
252802,4,178
526980,3,178
797783,5,178
394460,4,178
261496,6,178
238892,3,178
197230,4,178
407756,4,178
173739,3,178
203878,3,178
186800,3,178
526980,3,178
201743,3,178
179989,3,178
348692,4,178
289640,4,178
174346,4,178
390027,3,178
143213,4,178
223823,3,179
127024,2,179
188366,4,179
212742,6,179
474238,5,179
161893,6,179
209215,4,180
199253,3,180
161893,3,180
332410,3,180
199446,3,180
228255,3,180
186800,3,180
243767,3,180
409972,3,180
120797,4,180
230515,3,180
194349,3,180
199253,3,180
228255,3,180
598337,4,180
174346,3,180
272576,4,180
149440,3,180
64266,5,180
573074,3,180
195014,4,180
212742,3,180
149440,7,180
167497,4,180
199253,7,180
457617,5,180
228255,3,180
149440,3,180
161773,3,180
168120,4,180
108587,3,180
155666,2,180
168421,3,180
308033,3,180
70914,5,180
255293,5,180
135729,3,180
221606,3,180
236613,5,180
309806,3,180
510585,2,180
195014,3,180
248199,3,180
174346,4,180
161893,4,180
181717,4,180
185706,3,180
118306,6,180
112080,5,180
161893,3,180
221606,4,180
254847,4,180
199253,5,180
105853,2,180
193026,4,180
309806,3,180
198471,3,180
118306,4,180
168120,4,180
242839,3,180
205479,3,180
249066,4,180
398448,4,180
309806,3,180
349695,7,180
174346,4,180
221606,3,180
193026,2,180
143213,7,180
206316,5,180
192798,2,180
308033,3,180
82814,4,180
190847,3,180
221669,4,180
130760,4,180
225595,3,180
190847,3,180
161893,3,180
149440,3,180
245330,9,180
159402,9,180
149440,4,180
178705,8,180
225595,3,180
1041550,3,180
168120,3,180
203878,3,180
236613,4,180
224159,3,180
246575,3,180
272576,4,180
421052,4,180
186800,3,180
211706,3,180
265485,4,180
216731,3,180
159402,4,180
161893,2,180
186800,6,180
257064,3,180
534072,3,180
115816,4,180
143213,3,180
288088,3,180
421052,4,180
186800,5,180
136986,6,180
186800,3,180
143213,4,180
614736,4,180
161893,3,180
161893,3,180
293806,4,180
87173,3,180
174222,3,180
257950,3,180
224159,3,180
204234,3,181
195014,4,181
235656,8,181
174346,2,181
224159,4,181
97136,4,181
332410,4,181
226881,3,181
228518,4,182
356786,4,182
531412,7,182
166648,5,182
212742,3,182
212742,3,182
212742,3,182
173101,5,182
105853,7,182
277008,3,182
153176,4,182
186800,5,182
6,4,182
105853,7,182
212742,4,182
208310,3,183
185706,7,183
411302,3,183
481329,5,183
186149,3,183
221606,4,183
6,3,183
421052,5,184
323545,4,184
250790,8,184
161893,2,184
105853,3,184
105841,5,184
487534,4,184
421052,5,184
438781,3,184
279180,6,184
236613,7,184
97136,11,184
207867,3,184
473225,3,184
127024,2,184
166205,4,184
352354,3,184
100249,4,184
184309,4,184
247821,7,185
170637,3,185
255293,7,185
336842,4,185
591532,4,185
199253,4,185
112080,2,185
418393,3,185
571745,3,185
265928,3,185
221606,3,185
168120,2,185
168120,2,185
292653,4,185
230386,4,185
112133,3,185
143213,3,185
180573,3,185
186800,3,186
199253,3,186
341274,12,186
496399,3,187
161893,3,187
249066,3,187
755722,11,187
132964,4,187
184155,3,187
230386,3,187
212742,4,187
373599,5,187
230386,3,187
224159,3,187
472022,5,187
168120,5,187
212742,4,187
217933,4,187
176842,3,188
190582,3,188
170610,3,188
354127,3,188
382936,3,188
211706,4,188
155666,3,188
184309,3,188
562880,5,189
275900,3,189
118306,3,189
184309,4,189
146949,2,189
146260,4,189
311333,6,189
180573,3,189
217174,3,189
199446,3,189
150249,3,189
295845,4,189
186800,3,189
149440,3,189
206094,5,189
199446,3,189
297634,5,190
296953,3,190
319113,7,190
217933,8,190
300942,4,190
435866,3,190
77210,2,190
144709,3,190
240349,5,190
172853,3,190
381163,4,190
214914,3,190
193026,3,190
146925,3,190
155125,7,190
186800,2,190
629362,3,190
157341,7,190
99626,4,190
80946,2,190
174346,4,190
319113,7,190
381163,4,190
236613,4,190
332410,4,190
158157,3,190
149427,7,190
234149,5,190
186800,3,190
158449,4,190
252631,3,190
195014,3,190
168120,3,190
299169,4,190
299169,3,190
230028,3,190
298879,5,190
236613,3,190
311333,9,190
149440,3,190
212299,3,190
270138,3,190
398448,3,190
230386,3,190
527423,3,190
522991,4,190
125651,6,190
168120,2,190
296953,3,190
124100,3,190
522991,4,190
149427,7,190
161893,6,190
5,3,190
161893,5,190
143213,4,190
217933,3,191
170610,4,191
199446,3,191
234016,4,191
252631,3,191
170610,6,192
174346,5,192
211856,4,192
155666,3,192
376996,4,192
217933,4,192
373599,4,192
176399,2,192
223645,3,192
193595,3,192
272576,3,192
345706,3,192
199446,5,192
881994,4,192
170610,7,192
673684,5,193
611634,3,193
610747,4,193
425484,4,193
168120,3,193
611191,4,193
234903,3,193
673684,5,193
278781,4,193
453850,4,193
301385,2,193
180573,4,194
180573,4,194
261519,3,194
219390,4,194
224159,5,194
217920,5,194
99626,3,194
192798,4,194
214197,4,194
242839,4,194
323786,6,194
161893,3,194
195014,3,194
491966,4,195
221163,6,195
180573,6,195
181185,6,195
174346,3,195
527423,3,195
163989,3,195
660387,4,195
199253,3,195
527423,3,195
246914,3,195
226039,3,195
168120,8,195
224159,6,195
166205,4,195
314681,4,196
531856,3,196
210526,3,196
531412,4,196
299612,5,196
651523,3,197
242839,3,197
744598,4,197
263712,3,197
149440,3,197
270005,3,197
93400,3,198
193026,3,198
174346,4,198
376731,13,198
376731,13,198
114570,4,198
258393,5,198
155666,4,198
161768,4,198
99626,3,198
146326,2,198
624930,5,198
211706,3,198
174346,4,198
288088,3,198
155666,3,198
261496,5,198
181717,3,198
646202,5,198
224159,3,198
297130,3,198
102117,4,198
348692,4,199
527423,4,199
174803,3,199
348692,4,199
203878,4,199
243767,2,199
211706,3,199
186800,3,199
203878,4,199
259029,5,199
174346,3,199
176842,4,199
239335,2,199
195900,3,199
199253,7,199
155666,3,199
192798,3,199
8,3,199
164384,4,200
199253,3,200
336842,5,200
206094,3,200
187036,4,200
359002,3,200
534072,3,200
310249,4,200
664376,4,200
386052,4,200
288088,3,200
611634,5,200
265928,3,200
374515,3,200
132521,3,200
243767,4,200
398892,10,200
124533,5,200
278604,4,200
149806,4,200
664376,4,200
722437,4,200
242839,4,200
221606,3,200
443213,5,200
298879,4,200
188366,5,200
277008,4,200
178082,4,200
181717,3,200
186800,4,200
193026,5,200
319113,3,200
236613,5,200
190803,3,200
149440,4,200
487534,4,200
118182,3,200
460772,5,200
522991,5,200
686980,4,200
190582,4,200
775623,4,200
108587,5,200
686980,5,200
281440,4,200
354570,7,200
193026,3,200
412809,3,200
609418,3,200
407756,3,200
286426,6,200
155125,3,200
219390,3,200
236613,4,200
149440,4,200
93400,2,200
119667,7,200
158157,3,200
140349,3,200
243767,4,200
205479,6,200
753462,4,200
611634,5,200
310249,4,200
261519,4,200
235367,4,200
224159,4,200
209215,4,200
210526,3,200
527423,3,200
407756,4,200
597758,4,200
609418,4,200
130760,3,200
613850,4,200
174346,6,200
281440,4,200
2038735,6,200
161893,3,200
498132,11,200
144709,3,200
288088,3,200
136986,2,200
203878,3,200
310160,3,200
149440,4,200
309363,4,200
201743,5,200
155666,4,200
230386,4,200
319113,5,200
143213,4,200
188410,3,200
386052,4,200
274792,3,200
176842,3,200
236613,8,200
114570,2,200
124533,3,200
199446,4,200
664376,4,200
265928,4,200
74720,3,200
130760,3,200
315068,3,200
199253,2,200
171856,3,200
221669,5,200
332410,5,200
310249,4,200
161893,2,200
211706,4,200
279224,3,200
205479,3,200
161893,5,200
136986,4,200
255293,3,200
217174,3,200
93400,3,200
442770,4,200
274792,6,200
205355,4,200
523039,4,200
326737,6,200
80946,3,200
237429,3,200
236613,2,200
247821,3,200
204942,4,200
327534,5,200
186800,6,200
149440,4,200
155044,3,200
82192,2,200
136986,2,200
336239,3,200
183064,4,200
183064,4,200
168120,2,200
354570,3,200
136986,7,200
80946,4,200
336239,4,200
155666,4,200
221606,2,200
224159,3,200
168107,4,200
174346,3,200
341274,3,200
149440,3,200
152908,3,200
273817,5,200
161893,6,200
664376,5,200
155666,4,200
298879,5,200
289539,5,200
154681,4,200
168107,4,200
549584,4,200
174222,3,200
664376,4,200
174346,3,200
664376,4,200
230471,3,200
150692,3,200
322216,3,200
155125,4,200
310249,4,200
243767,7,200
123288,4,200
664376,4,200
367867,4,200
318670,3,200
112576,3,200
156631,3,200
180573,3,200
199253,4,200
100609,3,200
240971,3,200
664376,4,200
288088,3,200
310249,4,200
288088,5,200
274792,3,200
618282,4,200
153573,3,200
319113,5,200
150692,3,200
208310,4,200
236613,2,200
664376,4,200
330238,5,200
149440,4,200
254847,4,200
155666,3,200
242839,3,200
221606,3,200
144487,6,200
174222,3,200
239335,3,200
149440,3,200
251479,4,200
161893,3,200
195014,3,200
244085,3,200
664376,4,200
118306,4,200
124533,7,200
226039,4,200
297634,3,200
199253,3,200
325052,4,200
301385,4,200
311800,6,201
171789,3,201
274792,3,201
205479,4,201
305817,4,201
231357,3,201
885051,3,201
744598,3,201
84210,3,202
319113,4,202
354570,3,202
323786,7,202
164384,4,202
261496,3,203
296953,4,203
319069,7,203
230386,3,203
174346,5,203
221163,3,203
465374,4,204
664819,3,204
164384,6,204
296953,4,204
155666,3,204
354570,5,204
305374,4,204
746814,3,204
735733,3,204
187213,5,204
173101,7,204
598337,4,204
746814,3,204
205479,3,204
273973,5,204
143213,4,204
250415,5,205
374515,3,205
173739,3,205
516343,3,205
354127,4,205
474238,6,205
199253,14,205
323786,5,205
336239,3,205
193026,5,205
230386,4,205
211706,4,205
192443,4,205
220423,4,205
261519,4,205
217933,3,205
11,3,205
128089,2,205
930747,4,206
212742,5,206
149440,3,206
234460,3,206
149440,3,206
700276,3,206
267746,4,207
735733,3,207
124533,4,207
354127,7,207
363213,4,207
363435,3,207
746814,4,207
267746,4,207
267746,4,207
309806,3,208
270360,4,208
143213,4,208
180573,4,208
132077,3,208
161893,3,208
642659,4,208
273973,5,208
143213,4,208
168120,4,208
168421,3,208
317961,4,209
248199,4,209
248199,4,209
301385,9,209
236613,4,209
224159,4,209
161330,3,209
248199,4,209
248199,5,209
840598,4,210
211706,5,210
620498,5,210
628476,4,210
186800,4,210
336842,4,210
283656,4,210
161893,3,210
168120,3,210
236613,5,210
642659,4,210
628476,4,210
249066,3,210
309806,4,210
186149,3,210
235568,3,210
193026,7,210
124533,7,210
793351,4,210
221163,4,210
310249,5,210
168421,3,210
211706,6,210
598337,3,210
205479,4,210
314681,3,210
448319,5,210
195014,3,210
613850,3,210
367867,3,210
219178,3,210
224159,8,210
83437,4,210
310249,4,210
642659,4,210
616066,3,210
149440,4,210
405540,4,210
435866,3,211
731301,3,211
317828,4,211
124533,4,211
174346,3,211
186800,3,211
193026,3,211
168421,3,212
273973,4,212
438781,3,212
573961,4,212
573961,4,212
343490,6,212
485679,4,212
311357,7,212
1108032,4,212
412188,5,213
155666,6,213
93400,1,213
412188,5,213
273973,6,213
230386,3,214
354127,4,214
249066,4,214
295143,3,214
174346,3,214
186800,4,214
160648,9,214
373101,4,215
348692,4,215
168120,3,215
199253,4,215
246575,5,215
221606,3,215
423412,4,215
257064,4,216
282690,5,216
611634,5,216
664819,6,216
485679,3,216
394460,5,216
296953,3,216
323545,3,216
485679,3,216
660387,4,216
394460,5,216
611634,4,216
246575,4,216
143213,3,216
673684,4,216
161893,4,216
250415,4,217
149440,4,217
224159,9,217
230386,9,217
217933,9,217
598337,3,217
370083,4,218
390027,3,218
1017129,7,218
248199,3,218
226039,5,218
132077,6,218
130760,3,218
229363,3,219
374515,5,219
122327,5,219
149440,4,220
299169,4,220
538504,5,220
336842,4,220
125429,3,220
686980,4,220
474238,4,220
498132,4,220
323537,5,220
642659,4,220
585041,8,220
244085,2,220
274792,3,220
136986,4,220
185056,3,220
161893,5,220
235367,6,220
660387,4,220
274792,3,220
633795,3,220
273973,2,220
146949,3,220
298867,9,220
217933,3,220
176842,3,220
620498,5,220
171856,3,220
474238,4,220
376731,4,220
217933,3,220
305817,4,220
704709,3,220
230386,3,220
205479,3,220
217933,3,220
311333,5,220
161893,3,220
235367,3,220
289861,5,220
386052,3,220
224159,6,220
332410,3,220
221606,3,220
217933,4,220
252631,4,220
217933,3,220
274792,4,220
186800,4,220
819944,3,220
273973,2,220
412188,4,220
199253,6,220
235367,3,220
298879,5,220
234903,4,220
161773,3,221
330012,4,221
509695,4,221
877562,4,221
443213,2,221
161893,4,221
749030,3,221
161893,5,221
483102,4,222
483102,4,222
161893,6,222
396676,5,222
205479,3,222
172853,4,223
125341,7,223
228518,3,223
509695,4,223
367372,4,223
172853,3,223
269917,3,223
261519,4,223
459257,4,223
771191,4,224
177285,1,224
124533,3,224
363435,4,224
576177,3,224
124533,2,224
257064,3,224
576177,4,224
248199,5,224
188366,7,225
310249,4,225
460941,3,225
749030,5,225
396232,3,225
277709,4,225
136986,5,225
199253,7,225
261519,4,225
298879,4,225
184309,3,225
163138,4,225
141828,3,225
186800,5,225
354570,5,225
394016,4,225
412188,3,225
473225,4,225
174346,4,225
163989,4,225
323773,5,225
311333,3,225
487534,3,226
797783,6,226
398506,4,226
249066,4,226
376731,5,226
217174,4,226
376731,5,226
332410,4,226
168120,3,226
301385,3,227
458238,4,227
327313,3,227
1006093,5,227
74720,3,227
1006093,5,227
193026,5,227
309363,3,227
288088,3,227
363435,3,227
332410,4,228
558448,5,228
181717,3,228
372299,3,228
558448,5,228
217174,7,228
243324,3,228
186800,3,228
496399,3,229
182382,4,229
363435,4,229
124533,4,229
217933,4,229
795567,2,229
243767,4,230
136986,3,230
172853,4,230
784487,4,230
250637,3,230
398892,3,230
407756,4,230
483102,3,230
255293,4,230
336399,4,230
361146,3,230
797340,4,230
161994,3,230
249066,4,230
286426,5,230
531811,4,230
182382,3,230
522991,3,230
571745,4,230
664819,4,230
68493,3,230
84682,2,230
143213,6,230
188366,6,230
373599,4,230
248443,4,230
199253,5,230
486648,4,230
398892,3,230
522991,3,230
292077,3,230
143213,3,230
205562,3,231
456509,5,231
456509,5,231
186800,3,231
748587,3,231
236365,4,231
247756,4,231
166874,8,231
149440,4,232
465374,3,232
465374,5,232
554016,5,232
336842,3,233
1573406,4,233
487534,3,233
10,4,233
487534,3,233
195014,3,233
180573,3,233
199253,3,233
487490,5,234
255293,4,234
359002,4,234
693246,4,234
460772,6,234
359002,4,234
227895,3,234
143213,4,234
174346,7,234
168421,2,234
305106,5,234
473225,5,235
236613,3,235
450809,4,235
277584,4,235
332410,4,235
210526,4,235
252631,2,235
554016,3,235
385595,3,235
345706,4,236
211058,8,236
249066,4,236
576177,15,237
211191,3,237
435866,13,237
784558,4,237
13296,3,237
239335,4,237
288088,3,237
326737,6,237
407756,4,237
323102,3,239
407756,4,239
731301,4,239
193026,2,239
252631,5,239
237119,5,240
314681,4,240
308033,3,240
502603,4,240
436565,3,240
1041550,4,240
1041550,4,240
642659,4,240
456509,3,240
1373960,5,240
430759,5,240
554016,5,240
456509,3,240
607202,3,240
217933,4,240
421052,4,240
531856,4,240
342466,4,240
554016,5,240
361146,5,240
633795,4,240
379833,4,240
185706,3,240
314681,4,240
306127,6,240
531856,4,240
199446,4,240
686980,4,240
180573,4,240
598337,3,240
230386,3,240
554016,5,240
199253,4,240
174346,3,240
686980,3,240
642659,3,240
473225,7,240
309806,3,240
180573,3,240
146482,5,240
535492,3,240
633795,4,240
536288,4,240
279224,5,240
174346,4,240
319113,4,240
447073,4,240
273973,3,240
372299,3,240
193026,8,240
540720,4,240
273973,3,240
261496,5,240
137396,2,240
332410,3,240
149440,3,240
319291,3,240
199253,5,240
311333,4,240
330681,4,240
356786,5,241
597894,4,241
300942,4,241
242715,3,241
381163,5,241
292521,3,241
277008,5,242
531856,3,242
301385,3,242
531856,3,242
240349,4,242
531856,3,242
159557,3,243
271482,4,243
224159,4,243
199446,4,243
383379,3,244
383379,3,244
704709,3,244
343490,3,244
664819,4,244
274792,3,244
155666,4,245
363435,4,245
510585,5,245
510585,5,245
257064,4,245
382936,3,245
386052,3,245
885983,3,245
562880,5,245
175069,3,245
155666,6,245
220720,3,245
576177,3,245
317559,6,245
510585,3,246
273973,3,246
230386,3,246
465374,5,246
567313,3,246
186800,2,247
259280,3,247
709141,4,247
259280,3,247
729972,4,247
487534,4,248
14,3,248
80946,4,248
678559,6,248
664819,6,248
198007,3,248
296509,3,248
249066,3,248
102117,4,248
279224,3,249
236613,4,249
380720,4,250
199253,6,250
509695,5,250
298879,5,250
273973,5,250
487534,5,250
554016,3,250
644210,5,250
254537,4,250
673684,6,250
877562,6,250
443213,3,250
819944,4,250
198007,4,250
318714,4,250
647091,3,250
149440,4,250
1019390,5,250
620498,4,250
478670,4,250
970636,4,250
273973,3,250
700276,4,250
793351,3,250
126316,4,250
465374,3,250
961772,4,250
93400,3,250
181717,3,250
146260,4,250
205479,2,250
391091,5,250
186800,4,250
274792,5,250
199253,4,250
531856,5,250
443213,7,250
1001661,4,250
381163,4,250
174346,5,250
186800,3,250
105853,6,250
535492,3,250
572852,4,250
205479,3,250
105853,6,250
223823,3,250
186800,1,250
670537,3,250
593905,4,250
281445,4,250
629362,5,250
10,4,250
217933,3,250
390027,5,250
305817,3,250
576177,5,250
425041,5,250
161893,5,250
189290,3,250
279224,3,250
530969,5,250
307235,5,250
243767,5,250
554016,4,250
211706,4,250
491966,5,250
465374,4,250
620174,3,250
186800,3,250
174346,4,250
207970,3,250
114925,5,250
288088,3,250
120797,4,250
255293,4,250
331967,3,250
531856,4,250
332410,3,250
560399,4,250
372875,5,250
177285,5,250
161893,3,250
153176,3,250
585305,5,250
416620,4,251
398448,5,251
466703,1,251
352354,4,251
495641,4,251
680332,4,252
576177,5,252
331967,4,252
155666,3,252
358958,5,252
236543,4,252
261519,5,252
487534,3,252
421052,4,252
163546,5,252
332410,3,252
487534,3,252
371856,3,252
434349,4,252
494182,3,253
331967,4,253
339058,3,253
176842,3,253
186800,3,253
286426,3,254
367867,4,254
607202,4,254
361146,3,254
306969,4,254
306969,4,254
252631,4,255
435866,6,255
567313,5,255
571745,3,255
223158,3,256
394460,5,256
602770,3,256
504820,5,256
161893,2,256
323786,4,256
314681,4,256
180573,3,256
159402,5,256
1263157,4,257
1263157,4,257
522991,4,257
589473,4,258
155666,3,258
336842,3,258
124533,3,258
450304,4,258
398892,4,259
242839,6,259
273973,3,259
576177,4,260
274748,4,260
323786,4,260
271482,4,260
842105,4,260
1063711,5,260
211706,3,260
576177,2,260
1014958,4,260
274748,4,260
190582,3,260
212742,4,260
567313,5,260
310249,4,260
323786,4,260
271482,4,260
589473,5,260
273973,5,260
249066,5,260
394460,5,260
149440,3,260
1019390,3,260
421052,4,260
576177,3,260
379833,4,260
149440,3,260
389363,3,260
576177,5,260
273906,4,260
318670,3,260
478670,4,260
289861,3,261
547368,4,261
465374,3,261
212299,8,261
833240,3,262
376731,4,262
314238,5,262
267746,5,262
309806,3,262
376731,4,262
177285,4,262
373599,3,263
731257,3,263
341274,4,263
341274,3,263
221163,4,263
331789,8,263
248864,5,264
554016,4,264
438781,5,264
554016,3,264
394460,5,264
327978,4,264
348692,4,264
674127,3,264
149440,4,264
359900,4,264
205479,5,264
819944,6,265
243767,3,265
797343,4,265
226650,3,265
815512,6,265
620055,8,265
766758,4,266
359002,4,266
452077,2,266
394460,3,266
193026,5,266
412188,5,266
243767,3,267
509695,3,267
503047,3,267
196762,3,267
196762,3,267
199253,3,268
390027,4,268
203435,3,268
296389,3,268
1329639,4,268
125429,4,268
249972,3,268
664819,4,268
443213,4,268
236613,6,269
197230,3,269
197230,3,269
704709,4,270
394460,4,270
487091,3,270
212742,3,270
842105,5,270
305817,3,270
199446,3,270
221606,3,270
174346,4,270
376731,6,270
296953,3,270
217933,4,270
487534,3,270
296953,4,270
286426,4,270
784558,3,270
580609,5,270
224159,4,270
176837,4,270
280199,4,270
318804,4,270
179328,5,270
160648,2,270
842105,5,270
293898,8,270
443213,5,270
75965,4,270
435866,3,270
487534,4,270
321329,4,270
185263,3,270
997229,4,271
221518,2,271
208310,3,271
487091,4,271
376288,5,272
300631,4,272
616066,5,272
376731,5,272
434349,4,272
607202,4,272
376731,5,272
168120,3,272
332410,4,272
607202,4,272
232997,3,273
205208,4,273
199253,4,273
545152,3,273
224159,9,273
744598,4,274
567313,4,274
554016,6,275
354570,3,275
170016,5,275
199446,3,275
366127,4,275
526980,4,275
370083,4,275
174346,4,275
259280,4,275
371108,4,275
366127,4,275
184309,2,275
231631,4,275
576177,4,275
447645,4,275
354127,4,276
908587,5,276
68493,3,276
311333,5,276
642659,5,276
354570,4,276
348692,8,276
545152,4,276
618282,5,276
348692,8,276
642659,6,277
394460,4,277
464930,4,277
487534,4,277
467590,4,277
327978,4,278
327978,4,278
332410,3,278
731301,5,278
567313,3,278
256177,5,278
305817,3,278
159113,3,279
238449,6,279
163102,5,279
367867,3,280
323102,3,280
252188,5,280
698060,5,280
730858,4,280
698060,5,280
682548,5,280
500831,4,280
265928,4,280
110834,6,280
681972,3,280
1130193,7,280
1130193,7,280
544709,5,280
193649,5,280
695844,7,280
343490,5,280
226039,5,280
478670,3,280
664819,6,280
456509,4,280
485318,4,280
403324,4,280
376731,6,280
731301,5,280
367867,3,280
265928,3,280
433905,3,280
226039,5,280
456509,4,280
1806,4,280
323786,4,280
527423,4,280
476454,3,280
527423,4,280
283213,4,280
483102,3,280
311333,3,280
224159,3,280
173101,4,280
487534,3,280
149440,4,280
174346,6,280
136986,4,280
471135,4,280
361146,8,280
660387,3,281
753462,3,281
686980,4,281
311333,8,281
311333,8,281
224159,8,282
249066,6,282
205479,3,282
686980,4,282
260274,6,282
414404,4,283
997229,4,283
522991,4,283
283169,3,283
664819,10,283
837672,5,284
365651,3,284
359002,3,284
471135,3,284
396676,4,284
394460,4,285
280199,5,285
281130,5,285
311333,5,285
531856,3,285
178082,3,285
255293,3,285
518559,5,285
518559,5,285
321329,3,285
311333,5,285
361146,5,286
567313,5,286
447645,4,286
509695,4,286
242839,3,286
469806,4,286
372742,5,286
567313,5,286
460941,4,286
205119,4,286
460941,4,286
460772,6,287
384266,3,287
384266,3,287
398892,4,288
498132,4,288
261519,6,288
373599,3,288
367372,6,288
273973,5,288
398892,4,288
186800,3,288
704709,4,289
149440,2,289
273973,4,289
332410,3,290
686980,6,290
708698,3,290
482659,5,290
642659,4,290
180573,5,290
249066,6,290
211706,4,290
168120,5,290
482659,5,290
257064,4,290
366537,5,290
366537,5,290
359002,3,290
280075,5,290
1194459,5,290
392279,5,290
118306,5,290
716675,3,290
598337,3,290
454293,4,291
190582,5,292
356164,5,292
597894,3,292
642659,4,293
407579,3,293
709141,5,293
359002,3,293
442770,5,294
642659,4,294
642659,4,294
186800,4,294
686980,3,294
265485,3,294
224159,6,294
443213,2,294
370083,5,294
315124,7,294
575734,4,294
265485,3,294
80946,3,294
215442,2,294
215442,2,295
298879,4,295
367867,5,295
374515,4,295
793351,4,295
149440,2,295
149440,2,295
161893,3,295
464930,3,295
215442,2,295
885539,4,295
363435,4,295
523039,5,295
224159,5,296
376731,5,296
165318,4,296
837672,3,296
731301,6,296
521817,12,296
642659,4,297
554016,3,297
664819,4,297
616066,3,297
273973,3,297
616066,4,297
238803,3,298
287645,3,298
1050415,6,298
228255,3,298
332410,3,298
395392,3,298
261519,6,298
487091,5,299
398892,3,299
487091,5,299
356164,5,299
398892,3,299
195014,2,299
602770,4,299
323545,5,300
363435,3,300
178082,4,300
250415,3,300
381163,4,300
283935,3,300
217933,4,300
1147922,5,300
387811,4,300
775623,5,300
398892,3,300
686980,4,300
762326,5,300
487534,3,300
749030,4,300
797783,5,300
275678,4,300
277008,4,300
655955,4,300
159557,4,300
350138,6,300
311333,5,300
629362,4,300
509695,5,300
149440,4,300
217933,4,300
788919,1,300
298879,6,300
434349,4,300
136364,3,300
136986,2,300
420609,3,300
770747,6,300
749030,4,300
531412,4,300
140722,2,300
283935,3,300
93400,3,300
753462,4,300
153176,3,300
224159,7,300
168377,10,300
598337,3,300
465374,3,300
268232,5,300
886426,6,300
629362,4,300
222914,2,300
182441,3,300
331967,3,300
286426,5,300
412188,4,300
310249,4,300
249066,1,300
625156,4,300
467856,4,300
434349,4,300
268232,5,300
283935,3,300
274349,3,300
864265,4,300
616066,4,300
155666,4,300
775623,4,300
205208,3,300
742382,4,300
367867,5,300
274349,3,300
819944,5,300
246870,3,300
775623,3,300
376288,3,300
255293,3,300
1240996,4,300
625156,4,300
221606,4,300
376288,3,300
387811,3,300
704709,4,300
598337,5,300
236613,5,300
547945,4,300
363435,3,300
470116,5,300
205479,3,300
567313,4,300
211706,4,300
389584,5,300
367867,7,300
186800,6,300
467856,4,300
624930,5,300
311333,7,300
610212,4,300
286426,3,300
298879,6,300
136986,4,300
273973,3,300
558448,4,300
224159,4,300
1772852,8,300
236613,3,300
454545,3,300
464930,3,300
664376,5,300
567313,4,300
598337,5,300
136986,9,300
318670,6,300
376731,4,300
314681,9,300
655955,4,300
762282,5,300
181717,4,300
314681,9,300
407756,3,300
175512,7,300
283935,3,300
242839,5,300
359002,3,300
128269,4,300
273973,5,300
435866,6,300
7,3,300
747198,3,300
819944,4,300
168120,7,300
230386,3,300
247821,3,300
10,4,300
49813,3,300
221606,4,300
598337,4,301
576177,4,301
254980,6,302
835456,4,302
460941,5,302
319113,3,302
527423,4,303
473225,7,303
249066,4,303
759651,9,303
348692,4,303
678116,4,304
376731,4,304
1506924,5,304
376731,5,304
598337,5,304
174346,3,304
318670,3,304
485679,5,305
766758,6,305
305817,4,305
1057240,7,305
886426,1,305
398448,4,305
576177,4,306
242839,5,306
597758,3,306
230386,4,306
255293,3,306
257064,4,306
407756,4,307
407756,4,307
339501,3,307
678116,3,308
651523,4,308
651479,4,308
797783,5,309
793351,5,309
749030,5,309
709141,3,310
764542,3,310
775623,3,310
281440,4,310
509695,3,310
576177,4,310
186800,7,310
259280,7,310
161893,2,310
448294,3,310
1772852,4,310
797783,5,310
274792,4,310
448306,3,310
361146,6,310
1147922,4,310
740166,5,310
655955,6,311
421052,4,312
421052,5,312
348692,3,312
620498,4,312
842105,3,312
686980,4,312
514127,4,313
398892,4,313
828808,11,313
684919,3,313
443213,2,313
248332,3,314
531856,7,314
460941,10,314
373599,3,314
199253,5,315
620498,4,315
267746,3,315
796897,4,315
520775,4,315
87173,1,315
753019,6,315
143213,2,315
429917,5,315
404210,5,315
797783,5,315
199253,4,315
421052,3,316
797783,6,316
249066,4,316
279224,4,316
332410,5,316
850260,5,317
191283,2,317
465374,4,318
186149,4,318
452077,5,318
452077,5,318
1458171,6,318
248199,4,318
452077,5,318
573961,4,319
686980,4,319
248199,3,319
636232,3,319
793351,5,319
429917,4,319
429917,4,319
485318,5,320
664819,5,320
793351,5,320
881994,4,320
611634,4,320
597894,4,320
224159,3,320
485318,5,320
348692,4,320
529639,5,320
1130193,4,320
526980,3,320
664819,5,320
992797,5,320
527423,2,320
224159,4,320
105853,8,320
161893,2,320
620498,4,320
257064,4,320
664819,5,320
718005,4,320
864265,3,320
314238,6,320
664819,5,320
680332,5,320
273973,3,320
664819,6,321
669252,5,321
282327,4,321
374471,10,321
374844,6,321
371108,7,321
386052,7,321
267746,5,321
951135,6,322
664819,5,322
797783,6,322
190582,6,324
146260,2,324
531856,4,324
509695,3,325
609418,5,325
398892,3,325
286426,4,325
881994,3,325
311333,4,325
149440,3,325
686980,3,326
332410,4,326
722437,5,326
616066,7,326
352354,4,326
609418,7,326
414404,4,326
908587,6,327
589030,4,327
249066,5,327
788919,5,328
472687,3,328
185839,3,328
361146,3,328
318670,3,328
396676,4,328
292521,3,329
367867,5,330
403324,5,330
460941,4,330
336239,3,330
835456,5,330
842105,4,330
460772,4,330
298879,9,330
469806,3,330
589473,6,330
354127,3,330
298879,9,330
642659,3,330
174346,3,330
487534,3,330
779612,4,330
664819,5,330
286426,4,330
298879,9,330
267746,5,330
161893,2,330
199253,3,331
152465,3,331
290304,4,332
290304,4,332
673684,3,332
249066,5,333
598337,4,333
424155,3,334
354919,3,334
604631,4,334
336842,2,334
345706,3,335
573961,4,335
873130,4,335
231631,4,335
571745,3,335
571745,3,335
285181,5,335
575290,4,335
443213,5,335
597894,4,336
359002,6,336
1130193,6,336
195368,4,337
332365,4,337
24,5,337
611634,4,338
503490,2,338
573961,5,338
503490,2,338
205479,3,338
545152,4,339
242839,4,339
598337,5,340
286316,3,340
575734,4,340
864265,4,340
576133,5,340
394460,5,340
664819,3,340
286316,3,340
394460,4,340
740166,5,340
775623,5,340
412188,3,340
412188,3,340
438781,3,340
314681,3,340
412188,3,340
348692,6,340
312465,3,340
247821,3,340
339058,4,340
332410,3,340
280554,4,341
298879,3,341
230386,4,341
704709,5,342
463158,3,342
704709,5,342
463158,3,342
311800,3,344
647572,5,344
311333,3,345
442327,6,345
478670,3,345
298879,4,345
292521,3,345
708698,4,346
879778,5,346
1041550,3,346
379833,3,346
709141,6,347
709141,6,347
487534,2,347
126981,3,347
397562,4,347
480886,6,347
217933,5,347
722437,4,348
420609,5,348
620498,3,348
435866,4,348
516343,5,348
688667,6,348
354526,4,348
201485,3,348
886426,6,349
440997,3,350
398892,4,350
314681,4,350
620498,6,350
211706,3,350
394460,5,350
527423,3,350
616066,4,350
436565,4,350
181717,5,350
318670,7,350
611634,3,350
149440,3,350
881994,3,350
775623,9,350
558448,3,350
719423,8,350
211706,3,350
495955,3,350
407756,3,350
407756,3,350
503047,3,350
13697,3,350
350138,5,350
302271,7,350
793351,5,350
305374,3,350
398448,3,350
477562,4,350
872686,4,350
680332,6,350
421052,13,350
354570,3,350
354570,3,350
576177,4,350
837672,4,350
975068,5,350
620055,3,350
598337,3,350
593905,7,350
731301,17,350
249066,5,350
722437,6,350
224159,3,350
311333,4,350
373599,4,350
686537,4,350
410959,5,350
819944,17,350
443213,3,350
460277,5,350
505263,3,350
434349,3,350
201219,6,350
359002,5,350
576177,5,350
522548,3,350
502160,6,350
298879,4,350
460277,5,350
471980,6,350
199253,4,350
350581,5,351
642659,4,351
1058836,8,351
487091,4,351
249066,4,351
249066,4,351
296953,5,352
662603,5,352
597758,2,352
332410,4,354
693628,6,354
693628,6,354
693628,6,354
864265,4,354
693628,5,354
394460,6,354
365651,4,354
493296,4,355
697385,1,355
565097,5,355
686980,2,355
398892,4,355
664819,4,356
664819,4,356
819944,5,356
1772852,4,356
230386,3,357
286426,3,357
261496,3,357
354570,4,358
249066,6,358
425484,4,358
354570,4,358
576177,4,359
523039,6,360
540720,5,360
1041550,4,360
359002,4,360
359002,4,360
314681,5,360
753462,4,360
523039,6,360
655955,3,360
502249,3,360
323786,4,360
199253,3,360
704709,4,360
243767,3,360
598337,3,360
209838,3,360
359002,4,360
616066,3,360
554016,5,360
478670,4,360
323545,2,360
487091,5,360
323545,2,360
314681,5,360
487490,3,360
549584,3,360
294737,3,360
305106,4,360
554016,5,360
323545,2,360
317559,4,360
305374,4,361
1240312,4,361
325008,3,361
547945,5,361
554016,4,362
1494396,10,362
296389,5,363
421052,3,363
283745,4,364
149440,3,364
487534,3,365
593905,4,365
1014958,3,365
518559,4,365
518559,4,365
573961,3,365
12,4,365
709141,4,366
385595,3,366
443124,5,366
443124,5,366
766758,5,368
452077,3,368
766758,5,368
373599,5,368
554016,4,368
704709,3,369
1323877,4,369
211706,4,370
859833,4,370
864265,4,370
360897,5,370
558448,5,370
1639888,5,370
662603,5,370
398448,4,370
819944,5,370
662603,6,370
398892,4,370
211706,4,370
554016,4,370
597894,3,371
797783,4,371
228255,3,371
221562,3,371
686980,6,372
824376,6,373
310249,5,373
398005,3,373
372299,3,373
341274,4,374
952465,4,374
308842,5,374
642659,6,374
1063711,4,375
691412,3,375
1196675,6,375
498615,4,375
479452,8,375
760110,4,375
749030,4,375
354570,4,375
731301,3,375
760110,3,375
381163,4,375
161893,5,375
700276,5,375
479452,8,375
1218836,5,376
926315,8,376
332410,3,376
311333,4,377
554016,3,377
793351,3,377
673684,10,377
243767,10,377
731656,7,378
498132,3,379
1196675,4,380
886426,10,380
797783,5,380
554016,3,380
476454,5,380
749030,4,380
418836,3,380
298879,4,380
1196675,4,380
507479,3,380
319113,4,380
177285,5,380
527423,4,380
443213,4,380
290304,6,380
753462,5,380
554016,3,380
531856,3,380
354570,4,380
554016,5,380
311333,5,382
817728,4,382
886426,9,383
638227,3,384
638227,3,384
452077,4,384
788476,5,385
460941,4,385
473795,4,385
864265,4,385
881507,4,385
434349,4,385
602770,15,386
753019,3,386
551800,4,386
480886,5,386
382050,5,387
148194,4,387
1183379,7,387
277008,3,387
753462,4,388
575734,4,389
553573,3,389
252631,6,390
642659,5,390
373599,3,390
464930,3,390
1108032,6,390
576177,5,390
452077,4,390
762326,4,390
443213,4,390
298879,3,390
332410,3,390
448319,5,390
448319,5,390
376731,3,390
684932,5,390
624930,5,390
819944,15,390
236613,5,390
642659,5,390
638227,3,390
571745,5,390
435866,3,390
1130193,5,390
311333,3,390
749030,4,392
709096,3,392
709141,4,392
1187811,4,392
332454,5,393
464930,4,393
414404,4,393
616066,2,393
473218,4,393
1595567,7,394
1595567,7,394
731301,5,395
311333,2,396
249066,3,396
398506,7,396
886426,6,396
553573,4,397
350138,4,397
992797,6,398
686980,5,398
473225,6,399
1240996,6,399
691412,3,399
487534,5,400
415734,4,400
385595,5,400
598337,3,400
531856,6,400
839889,6,400
987922,5,400
686980,6,400
864265,5,400
731301,6,400
1551245,10,400
531856,3,400
376731,3,400
751246,4,400
540720,5,400
775623,3,400
1174514,4,400
576177,7,400
753019,5,400
881994,5,400
1041550,5,400
398506,6,400
323545,2,400
338730,5,400
562880,4,400
928310,8,400
522991,5,400
686980,5,400
332410,4,400
522991,3,400
338730,5,400
398005,3,400
421052,4,400
576177,2,400
456509,5,400
837672,3,400
505263,4,400
423268,3,400
619612,3,400
336239,4,400
576177,3,400
680332,5,400
793351,4,400
391756,5,400
609418,5,400
429917,3,400
576177,7,400
440997,3,400
881994,5,400
443213,3,400
425484,3,400
642659,5,400
530083,5,400
775623,4,400
930747,4,400
1085872,4,400
363435,6,400
149440,4,400
1161218,4,400
480886,4,400
438781,3,400
514127,5,400
560399,6,400
771191,4,400
483102,4,400
575955,3,400
238670,4,400
483102,4,400
598337,4,400
575734,4,400
575734,4,400
620055,5,400
597894,5,400
191512,4,400
483102,4,400
749030,4,400
323545,2,400
575734,5,400
619612,4,400
487534,4,400
176842,4,400
359002,4,400
487091,3,400
642659,4,400
421052,3,400
620055,5,400
864265,6,400
224159,2,400
425484,4,400
467590,4,401
474238,4,401
611634,4,402
310249,3,402
592354,3,402
239335,3,402
1684209,4,403
333748,2,403
200775,4,403
211706,5,403
881994,5,404
575734,3,404
531412,4,405
311333,3,405
336239,3,405
310249,3,405
576177,6,406
660025,7,406
522548,4,407
975068,4,407
712199,6,408
416620,4,408
522991,4,408
522991,4,408
593905,4,410
881994,4,410
751718,15,410
435866,5,410
1019390,5,410
775623,3,410
575734,5,410
522991,2,410
495955,4,410
730858,3,410
797011,25,410
273973,5,410
576177,3,411
478670,4,412
236613,3,412
348692,4,412
747198,10,412
487534,3,412
704265,5,412
975068,2,412
239103,3,412
673240,7,413
211706,3,413
616066,6,413
354919,4,413
273973,5,413
749030,3,413
576177,6,413
221163,3,414
895290,6,414
642659,4,415
336239,4,415
1041550,4,416
755306,10,416
409086,5,417
199253,3,418
199253,3,418
554016,3,418
620055,7,418
659146,3,418
1019390,7,418
390027,4,418
370083,4,420
970636,4,420
438781,3,420
731301,8,420
908587,6,420
487534,3,420
952908,6,420
522991,4,420
642659,4,420
438781,3,420
514127,3,420
664819,3,420
562880,3,420
458725,3,420
274260,3,420
303601,3,420
390027,5,422
454545,4,423
454545,4,423
309806,4,424
1019390,5,424
429473,3,424
620498,4,424
908587,6,425
609241,6,425
465374,4,425
483102,6,425
241108,6,425
491966,3,425
443213,5,426
642659,3,426
638227,5,426
512133,5,426
638227,5,426
443213,5,426
443213,5,426
651523,3,427
510087,3,427
465374,3,427
708254,4,427
642659,4,427
618282,5,427
536288,3,427
465374,3,428
509695,3,428
460941,6,429
460941,6,429
1041550,5,429
478670,3,430
762326,4,430
465374,5,430
571745,4,430
642659,4,430
686980,4,430
620055,4,430
443213,5,430
620055,4,430
443213,5,430
622665,4,430
616066,5,430
443213,5,430
390027,4,430
611634,4,431
1192243,10,432
450836,4,432
450836,4,432
598337,3,433
664376,4,433
885983,4,433
885983,3,433
873130,4,433
885983,4,433
735733,4,433
704709,4,433
731301,5,434
1595567,3,434
473795,5,434
616066,5,435
792465,6,435
966204,6,436
305106,6,436
966204,5,436
697385,6,437
708919,5,437
611634,6,437
749030,4,437
611634,6,437
697385,6,437
443213,5,437
487534,4,438
775623,4,438
842105,4,438
793351,5,438
495955,3,438
766758,5,439
819944,6,440
1147922,4,440
664819,5,440
598337,1,440
443213,5,440
487534,4,440
435866,3,440
571745,4,441
833240,5,442
1019390,4,442
624576,3,442
828808,5,442
224159,8,442
689196,6,443
961772,4,443
509695,4,443
961772,6,443
242839,2,445
611634,5,445
611634,5,445
1041550,4,445
345706,3,446
837672,5,446
837672,5,446
731301,5,446
1108032,5,446
575734,4,447
753019,14,447
1059279,7,448
1010526,6,448
660387,3,449
404732,4,450
531412,4,450
188366,6,450
421052,3,450
997229,5,450
997229,6,450
771191,5,450
972852,6,450
350138,4,450
274083,4,450
1329639,5,450
224159,3,450
523039,5,450
398892,3,450
873130,4,450
415556,7,450
354570,4,450
554016,3,450
560399,3,450
545152,5,450
975068,5,450
443213,5,450
990581,7,450
886426,5,450
407223,6,450
385595,4,450
403324,3,450
545152,5,450
709141,4,450
731301,3,450
372299,4,450
500831,3,450
1052188,10,450
1085872,4,450
348692,3,450
558448,3,451
686980,4,451
686980,4,451
527423,6,452
963988,6,452
352354,3,454
1263157,5,454
460941,5,454
478670,5,454
460941,5,454
1108032,8,455
161893,3,455
885539,3,455
247821,3,456
620498,4,456
917451,5,456
350138,4,458
742382,4,458
554016,4,459
975068,5,459
1044210,7,460
509252,3,460
566869,4,460
658171,4,460
509252,4,460
598337,4,460
636011,5,460
540720,4,460
236613,5,460
278781,3,462
833240,5,462
359712,3,463
585041,4,463
327978,3,463
842105,6,464
476454,4,464
1014958,6,464
966204,3,465
1063711,5,465
571745,4,465
1994458,5,466
753462,5,466
336798,4,467
734803,5,467
594147,6,467
518116,4,467
664819,4,468
793351,5,468
633795,6,468
841661,5,469
587257,3,469
611634,5,469
944044,5,470
802215,4,470
286426,10,470
944044,5,470
67248,3,470
731301,4,470
415291,1,470
473795,3,470
465374,3,470
908587,4,470
576177,4,471
576177,4,471
665617,4,472
975068,6,475
684932,4,475
348692,9,475
406249,7,475
348692,9,475
371108,3,476
373599,4,476
1037118,5,476
1037118,5,476
1108032,5,477
1152354,3,479
448319,4,480
1019390,7,480
864265,5,480
886426,6,480
108366,5,480
975068,9,480
948875,5,480
174346,12,480
442770,3,480
155666,4,480
398892,3,480
760110,11,480
261519,5,480
587257,4,480
930304,6,480
593462,4,480
620055,3,480
440110,3,480
819944,4,480
797783,5,481
930304,5,482
527423,4,482
616066,7,483
686980,4,483
341274,9,483
886426,4,485
1329639,4,485
438781,4,485
341274,3,485
647091,3,485
975068,4,485
744598,5,486
2127422,4,488
372299,5,488
744598,5,488
722291,9,488
465374,4,489
283656,2,489
722437,4,489
930747,4,489
1152354,5,490
797783,3,490
1218836,6,490
273973,3,490
509695,5,490
1058531,4,490
442770,3,490
554172,6,490
708698,4,490
571745,5,490
509695,4,490
684932,12,490
469806,3,490
531412,5,490
952908,6,491
709141,6,491
721107,3,491
766758,6,492
877562,4,493
407756,4,493
294737,5,494
513684,5,495
531856,4,495
837672,4,495
627368,3,495
598337,4,495
215442,5,495
1263157,3,496
642659,5,497
886426,5,497
642659,5,497
841218,3,497
593905,7,498
700276,3,498
291944,5,499
339975,4,500
686980,4,500
788033,4,500
1365096,5,500
1152354,5,500
975068,5,500
421052,5,500
611634,4,500
1054847,5,500
930747,6,500
1063711,3,500
1263157,5,500
1014958,4,500
1059279,4,500
1108032,7,500
354127,5,500
448319,4,500
793351,4,500
311333,3,500
311333,3,500
620498,4,500
2038780,5,500
224159,3,500
793351,3,500
323545,4,500
248941,2,500
514127,3,500
896638,5,500
837672,4,500
797783,4,500
481108,4,500
797783,4,500
728518,4,500
1152354,7,500
265219,3,500
330012,10,500
788919,4,500
686980,6,500
256538,4,500
1458171,4,500
531856,4,500
170610,2,500
143213,3,500
396676,3,500
1994458,4,500
211706,3,500
249066,6,500
333075,6,500
398448,3,500
718005,3,500
607202,3,500
611634,3,500
195856,3,500
1085872,4,500
327978,5,500
616066,3,500
330012,8,500
598337,3,500
664819,5,500
308343,3,500
791135,5,500
531856,3,500
797340,4,500
2304707,25,500
514127,3,500
352354,5,500
292653,4,500
797783,4,500
793351,4,500
201352,8,500
485679,7,500
239113,8,500
485318,3,500
373599,6,500
491905,3,500
383867,5,500
837628,6,500
74471,3,500
193026,4,500
236613,5,500
199446,3,500
1551245,3,501
791135,4,501
819501,4,502
620055,5,503
952908,4,504
952908,4,504
731301,4,504
629362,5,504
629362,5,504
286426,4,504
620498,5,504
585041,5,505
1147922,5,505
1298614,5,506
780055,6,508
549584,3,508
815512,5,508
797340,6,508
443213,3,508
753462,4,509
978659,10,509
749030,5,510
809465,5,510
797783,4,510
740166,5,510
350138,6,510
740166,5,510
268991,3,510
272727,3,510
709141,4,510
952908,4,510
698371,6,511
2526314,1,512
606759,5,512
300055,6,512
809465,8,512
496887,4,512
306703,5,512
633795,4,513
567313,4,514
571745,3,514
1062825,4,515
1099168,4,515
1063711,4,515
576177,4,516
1662049,5,516
311333,2,516
1174514,4,517
610212,3,517
675900,3,518
675900,3,518
952908,4,518
675900,3,518
547945,8,518
1263157,4,519
1263157,3,519
527423,3,519
527423,4,519
664376,6,520
567313,3,520
709141,13,520
452077,11,520
398506,3,520
1500276,6,520
642659,6,520
930304,7,522
343490,3,522
1187811,5,522
948476,5,523
952908,5,523
975068,5,523
433462,4,524
1262714,3,524
655556,6,525
828808,5,525
500831,6,526
709141,4,527
642659,3,528
531235,6,528
660387,5,528
664376,5,528
1287356,3,529
174582,3,529
793351,5,529
553573,5,530
881994,4,530
422825,8,530
1014958,4,530
323545,2,530
749030,4,530
629362,5,530
660387,3,530
629362,5,530
342466,3,530
181717,1,530
647091,3,530
554016,5,530
802215,4,530
908587,4,530
426548,4,531
908587,5,532
518559,4,532
677673,5,532
553573,5,533
141828,3,533
784433,6,533
168120,8,533
886426,3,534
1518004,5,536
435866,2,538
1284874,5,538
1196232,5,538
886426,5,539
809465,3,539
1218836,6,539
598337,14,540
361146,6,540
1240996,4,541
653739,3,541
927771,6,542
567313,4,542
136986,2,543
1192243,5,544
593861,4,544
243767,3,544
1007113,5,544
944044,5,544
314238,5,546
1926647,4,549
432133,4,550
726869,5,550
1506924,4,550
540720,7,550
747198,18,550
921883,4,550
620498,6,550
647091,4,550
728518,6,550
186800,2,550
722437,5,550
811080,4,550
616066,4,550
1240996,5,550
620498,3,550
728518,6,550
602326,4,550
1152354,6,551
759651,4,553
762326,4,554
598337,3,554
1768420,5,556
819944,4,556
797340,4,556
292403,4,558
447645,5,558
704709,5,559
1595567,5,560
646204,5,560
1263157,5,560
435866,3,560
785994,4,560
629362,5,560
1019390,3,560
753462,8,561
775623,6,561
575734,3,562
1461796,12,563
1187811,5,564
1041550,6,565
686980,5,565
1192243,6,565
1019390,5,568
793351,7,568
1013451,5,569
709141,5,570
664376,5,570
629362,4,570
775623,5,570
598337,4,570
622665,4,571
280199,7,572
496887,1,572
568731,8,572
921883,6,573
921883,6,573
598337,5,574
236613,4,575
267746,8,575
611634,3,576
425041,7,576
709141,7,577
704709,3,577
709141,7,577
731301,5,577
731301,5,577
1595567,7,578
1017661,12,578
660387,4,579
633795,10,579
553972,5,580
749030,4,580
1196675,6,580
1506481,7,580
1506481,7,580
930747,5,580
819501,2,580
187922,4,580
286426,8,580
629362,4,580
1014958,6,580
1019390,7,580
1165650,6,583
1329639,5,585
775623,6,585
970636,6,587
793351,6,588
485679,3,588
1165650,6,589
997229,5,589
1822492,4,590
775623,5,590
1954569,4,591
598337,6,594
775623,5,594
749030,4,594
735733,5,595
749030,4,595
655955,5,595
735733,5,595
576177,5,596
655955,5,597
558448,6,598
593861,4,599
597758,5,600
1458171,5,600
766758,4,600
1063711,5,600
1546813,4,600
642216,4,600
1615290,6,600
1008309,4,600
819944,3,600
1329639,6,600
532476,5,600
997229,5,600
597758,5,600
740166,3,600
1994015,3,600
489573,3,600
576177,4,600
660025,3,600
819944,3,600
797783,4,600
997229,6,600
562880,5,600
655955,4,600
709141,4,600
885983,6,600
403324,3,600
1063268,5,600
975068,5,600
598337,5,600
273973,3,600
975068,5,600
811080,4,600
655955,4,600
753462,3,600
662603,5,600
997229,5,600
386052,5,600
404732,6,600
421052,3,600
349695,3,600
401196,5,600
576177,4,600
1063711,5,600
797783,4,600
678116,4,600
526980,3,600
1059279,5,600
950692,7,600
660387,3,600
311333,3,600
747198,4,602
460772,6,602
841661,6,603
841661,6,603
997229,5,603
864265,4,605
1171766,6,605
572852,6,606
653739,4,607
611634,5,609
554016,6,610
1329639,8,610
975068,5,610
1329639,6,610
873130,5,611
873130,4,611
815069,1,613
280199,4,613
868254,5,614
952908,7,614
1329639,9,614
975068,8,615
718005,3,615
561108,5,615
1994458,6,618
607202,4,618
616066,5,619
629362,4,619
616066,5,619
1019390,5,619
664819,5,620
709185,3,620
1329639,6,620
885096,6,620
1276453,5,620
576177,5,624
576177,5,624
1108032,5,625
837672,4,625
598337,2,625
797783,5,625
1240996,4,625
797783,5,625
1307478,6,627
1196675,9,627
1307478,6,627
1108032,5,627
341274,3,628
2015733,4,628
621420,5,630
855401,4,630
560664,3,630
908587,4,630
621420,6,630
1263157,6,630
1440486,4,631
580609,5,631
580609,5,631
580609,5,631
1240553,5,633
1077007,4,635
1077007,4,635
702049,5,635
813739,3,636
753462,4,636
655955,3,636
797783,6,638
797783,6,638
285872,4,640
1161218,4,640
680332,3,641
598337,5,641
487091,3,643
1980275,4,644
978127,5,645
686980,4,648
904154,6,649
797340,4,650
1595567,5,650
930747,4,650
904154,7,650
571745,2,650
465374,4,650
257861,5,650
808219,5,650
819944,5,650
903711,6,650
547945,3,650
485679,3,650
655955,3,650
265928,4,650
708698,3,650
1019390,4,650
1019390,3,650
672478,27,651
1232132,6,652
443213,4,654
509695,2,654
706925,3,656
966204,6,660
975068,3,660
983811,3,660
1147922,4,660
1147922,4,660
819944,5,660
465374,10,662
671468,3,662
1192243,7,662
1187811,6,666
1187811,4,666
1063711,5,668
1307478,6,668
952908,6,668
1147922,3,670
1192243,5,670
1263157,7,670
795567,5,670
1285318,6,670
205119,2,672
686537,3,674
465374,4,678
1240996,6,680
1218836,5,680
655955,4,680
837672,5,680
1351800,8,680
1417838,5,680
373599,4,680
775623,3,680
819944,8,680
1285318,6,683
873130,5,684
1037118,4,685
2280331,4,686
505263,2,687
842105,5,689
842105,5,689
997229,4,690
850969,6,690
1143489,4,690
1209971,5,690
398506,4,690
855401,15,691
855401,10,691
2654846,6,692
697263,4,693
1041550,5,694
1054847,4,694
1041550,4,694
1054847,4,694
1763988,4,694
376731,3,698
397252,3,699
379826,3,699
1285318,7,700
510005,5,700
926315,4,700
1037118,4,700
1325207,5,700
1440442,5,700
381163,6,700
975068,6,700
1240996,5,700
930747,4,700
484609,6,700
249066,4,700
997229,4,700
1085872,6,700
155666,5,700
819944,5,700
1254293,5,700
1972298,4,700
572852,4,700
1234348,4,700
1458171,6,700
837672,5,700
1325207,5,700
1240996,6,700
373599,3,700
1018947,6,700
966204,5,700
572852,4,700
813296,7,701
1617727,6,702
1152354,11,702
961772,5,703
864265,3,703
990581,3,703
1108032,5,703
1240996,6,703
990581,3,703
673684,3,705
1059279,5,705
1174514,5,706
990581,4,706
1280885,4,706
1404985,5,707
627590,1,708
627590,1,708
720221,2,709
219036,3,710
662603,10,713
465374,3,714
992354,3,714
1236564,6,715
709141,4,716
1019390,5,717
1191800,4,720
1235678,5,720
1196675,6,720
373599,3,720
930747,4,720
966204,8,721
1440442,6,723
1307478,6,725
858503,3,725
509252,4,726
1329196,4,730
1773,4,731
1418281,5,731
1413849,5,731
877562,4,731
509695,7,732
1041550,5,732
1329639,4,734
1453738,5,735
1551245,5,735
1187811,6,735
611634,3,735
1329639,4,736
494182,4,740
1176376,5,741
1440442,5,742
1179168,5,742
527601,1,744
642216,4,745
819944,5,745
1573406,6,746
740166,4,748
314238,3,750
1418281,5,750
1280885,6,750
1325207,4,750
1041550,6,750
175592,5,750
498132,4,750
602326,3,750
498132,3,750
1085872,6,750
908587,5,750
837672,3,750
311333,4,750
883323,7,752
1502492,5,753
1218836,3,753
105853,4,753
1325207,4,754
386052,3,755
3486924,9,757
886426,4,758
499501,4,759
499501,4,759
1551245,5,760
1651855,5,760
1080332,4,760
1551245,5,760
2127422,6,765
819944,4,766
837672,3,770
837672,3,770
1103600,6,770
573961,10,770
1151910,8,771
819944,5,778
514127,4,780
1196675,5,780
930747,3,780
376731,6,780
376731,6,780
1174514,5,783
1236564,4,784
363435,4,787
819944,4,789
1263157,5,790
1019390,5,790
753152,4,790
753152,4,790
1285362,5,790
628892,5,791
2038780,4,795
1462603,4,795
1019390,4,796
778282,10,799
1063711,7,800
1320775,5,800
1209971,5,800
1307478,5,800
1174514,5,800
1817173,6,800
1187811,5,800
1139057,4,800
1666481,5,800
485679,3,800
412188,3,800
305106,4,800
997229,4,800
1418281,5,800
797783,4,800
549141,4,800
757894,3,800
1320775,4,800
2540473,5,800
952908,5,800
778282,10,800
1130193,6,800
1240996,4,800
1063711,1,800
1119552,5,800
1052631,5,800
311333,3,800
1994015,4,800
1817173,5,800
1462603,4,800
997229,4,800
249066,5,800
1462603,4,800
